transaction_id,transaction_date,transaction_time,transaction_qty,store_id,store_location,product_id,unit_price,product_category,product_type,product_detail,total_amount,transaction_hour,transaction_dayname,transaction_weekday,transaction_month,transaction_time_bucket,Day_Type,sales_category
1,1/1/2023,2026-07-22T07:06:11.000Z,2,5,Lower Manhattan,32,3,Coffee,Gourmet brewed coffee,Ethiopia Rg,6,7,Sun,6,Jan,Morning,Weekend,Small Purchase
2,1/1/2023,2026-07-22T07:08:56.000Z,2,5,Lower Manhattan,57,3.1,Tea,Brewed Chai tea,Spicy Eye Opener Chai Lg,6.2,7,Sun,6,Jan,Morning,Weekend,Small Purchase
3,1/1/2023,2026-07-22T07:14:04.000Z,2,5,Lower Manhattan,59,4.5,Drinking Chocolate,Hot chocolate,Dark chocolate Lg,9,7,Sun,6,Jan,Morning,Weekend,Small Purchase
4,1/1/2023,2026-07-22T07:20:24.000Z,1,5,Lower Manhattan,22,2,Coffee,Drip coffee,Our Old Time Diner Blend Sm,2,7,Sun,6,Jan,Morning,Weekend,Small Purchase
5,1/1/2023,2026-07-22T07:22:41.000Z,2,5,Lower Manhattan,57,3.1,Tea,Brewed Chai tea,Spicy Eye Opener Chai Lg,6.2,7,Sun,6,Jan,Morning,Weekend,Small Purchase
6,1/1/2023,2026-07-22T07:22:41.000Z,1,5,Lower Manhattan,77,3,Bakery,Scone,Oatmeal Scone,3,7,Sun,6,Jan,Morning,Weekend,Small Purchase
7,1/1/2023,2026-07-22T07:25:49.000Z,1,5,Lower Manhattan,22,2,Coffee,Drip coffee,Our Old Time Diner Blend Sm,2,7,Sun,6,Jan,Morning,Weekend,Small Purchase
8,1/1/2023,2026-07-22T07:33:34.000Z,2,5,Lower Manhattan,28,2,Coffee,Gourmet brewed coffee,Columbian Medium Roast Sm,4,7,Sun,6,Jan,Morning,Weekend,Small Purchase
9,1/1/2023,2026-07-22T07:39:13.000Z,1,5,Lower Manhattan,39,4.25,Coffee,Barista Espresso,Latte Rg,4.25,7,Sun,6,Jan,Morning,Weekend,Small Purchase
10,1/1/2023,2026-07-22T07:39:34.000Z,2,5,Lower Manhattan,58,3.5,Drinking Chocolate,Hot chocolate,Dark chocolate Rg,7,7,Sun,6,Jan,Morning,Weekend,Small Purchase
11,1/1/2023,2026-07-22T07:43:05.000Z,1,5,Lower Manhattan,56,2.55,Tea,Brewed Chai tea,Spicy Eye Opener Chai Rg,2.55,7,Sun,6,Jan,Morning,Weekend,Small Purchase
12,1/1/2023,2026-07-22T07:44:35.000Z,2,5,Lower Manhattan,33,3.5,Coffee,Gourmet brewed coffee,Ethiopia Lg,7,7,Sun,6,Jan,Morning,Weekend,Small Purchase
13,1/1/2023,2026-07-22T07:45:51.000Z,1,5,Lower Manhattan,51,3,Tea,Brewed Black tea,Earl Grey Lg,3,7,Sun,6,Jan,Morning,Weekend,Small Purchase
14,1/1/2023,2026-07-22T07:48:19.000Z,1,5,Lower Manhattan,57,3.1,Tea,Brewed Chai tea,Spicy Eye Opener Chai Lg,3.1,7,Sun,6,Jan,Morning,Weekend,Small Purchase
15,1/1/2023,2026-07-22T07:52:36.000Z,2,5,Lower Manhattan,87,3,Coffee,Barista Espresso,Ouro Brasileiro shot,6,7,Sun,6,Jan,Morning,Weekend,Small Purchase
16,1/1/2023,2026-07-22T07:59:58.000Z,2,5,Lower Manhattan,47,3,Tea,Brewed Green tea,Serenity Green Tea Lg,6,7,Sun,6,Jan,Morning,Weekend,Small Purchase
17,1/1/2023,2026-07-22T07:59:58.000Z,1,5,Lower Manhattan,79,3.75,Bakery,Scone,Jumbo Savory Scone,3.75,7,Sun,6,Jan,Morning,Weekend,Small Purchase
18,1/1/2023,2026-07-22T08:00:18.000Z,1,8,Hell's Kitchen,42,2.5,Tea,Brewed herbal tea,Lemon Grass Rg,2.5,8,Sun,6,Jan,Morning,Weekend,Small Purchase
19,1/1/2023,2026-07-22T08:00:39.000Z,2,8,Hell's Kitchen,59,4.5,Drinking Chocolate,Hot chocolate,Dark chocolate Lg,9,8,Sun,6,Jan,Morning,Weekend,Small Purchase
20,1/1/2023,2026-07-22T08:11:45.000Z,1,8,Hell's Kitchen,61,4.75,Drinking Chocolate,Hot chocolate,Sustainably Grown Organic Lg,4.75,8,Sun,6,Jan,Morning,Weekend,Small Purchase
21,1/1/2023,2026-07-22T08:17:27.000Z,2,8,Hell's Kitchen,33,3.5,Coffee,Gourmet brewed coffee,Ethiopia Lg,7,8,Sun,6,Jan,Morning,Weekend,Small Purchase
22,1/1/2023,2026-07-22T08:24:26.000Z,2,5,Lower Manhattan,56,2.55,Tea,Brewed Chai tea,Spicy Eye Opener Chai Rg,5.1,8,Sun,6,Jan,Morning,Weekend,Small Purchase
23,1/1/2023,2026-07-22T08:24:26.000Z,1,5,Lower Manhattan,69,3.25,Bakery,Biscotti,Hazelnut Biscotti,3.25,8,Sun,6,Jan,Morning,Weekend,Small Purchase
24,1/1/2023,2026-07-22T08:29:38.000Z,1,8,Hell's Kitchen,56,2.55,Tea,Brewed Chai tea,Spicy Eye Opener Chai Rg,2.55,8,Sun,6,Jan,Morning,Weekend,Small Purchase
25,1/1/2023,2026-07-22T08:31:23.000Z,1,8,Hell's Kitchen,40,3.75,Coffee,Barista Espresso,Cappuccino,3.75,8,Sun,6,Jan,Morning,Weekend,Small Purchase
26,1/1/2023,2026-07-22T08:33:08.000Z,1,5,Lower Manhattan,43,3,Tea,Brewed herbal tea,Lemon Grass Lg,3,8,Sun,6,Jan,Morning,Weekend,Small Purchase
27,1/1/2023,2026-07-22T08:33:08.000Z,1,5,Lower Manhattan,76,3.5,Bakery,Biscotti,Chocolate Chip Biscotti,3.5,8,Sun,6,Jan,Morning,Weekend,Small Purchase
28,1/1/2023,2026-07-22T08:35:03.000Z,2,5,Lower Manhattan,45,3,Tea,Brewed herbal tea,Peppermint Lg,6,8,Sun,6,Jan,Morning,Weekend,Small Purchase
29,1/1/2023,2026-07-22T08:35:03.000Z,1,5,Lower Manhattan,71,3.75,Bakery,Pastry,Chocolate Croissant,3.75,8,Sun,6,Jan,Morning,Weekend,Small Purchase
30,1/1/2023,2026-07-22T08:41:57.000Z,2,8,Hell's Kitchen,40,3.75,Coffee,Barista Espresso,Cappuccino,7.5,8,Sun,6,Jan,Morning,Weekend,Small Purchase
31,1/1/2023,2026-07-22T08:52:03.000Z,1,8,Hell's Kitchen,38,3.75,Coffee,Barista Espresso,Latte,3.75,8,Sun,6,Jan,Morning,Weekend,Small Purchase
32,1/1/2023,2026-07-22T08:52:32.000Z,1,5,Lower Manhattan,26,3,Coffee,Organic brewed coffee,Brazilian Rg,3,8,Sun,6,Jan,Morning,Weekend,Small Purchase
33,1/1/2023,2026-07-22T08:54:33.000Z,2,5,Lower Manhattan,27,3.5,Coffee,Organic brewed coffee,Brazilian Lg,7,8,Sun,6,Jan,Morning,Weekend,Small Purchase
34,1/1/2023,2026-07-22T08:56:27.000Z,2,5,Lower Manhattan,29,2.5,Coffee,Gourmet brewed coffee,Columbian Medium Roast Rg,5,8,Sun,6,Jan,Morning,Weekend,Small Purchase
35,1/1/2023,2026-07-22T08:57:46.000Z,1,8,Hell's Kitchen,54,2.5,Tea,Brewed Chai tea,Morning Sunrise Chai Rg,2.5,8,Sun,6,Jan,Morning,Weekend,Small Purchase
36,1/1/2023,2026-07-22T08:58:55.000Z,1,5,Lower Manhattan,26,3,Coffee,Organic brewed coffee,Brazilian Rg,3,8,Sun,6,Jan,Morning,Weekend,Small Purchase
37,1/1/2023,2026-07-22T09:00:12.000Z,1,5,Lower Manhattan,55,4,Tea,Brewed Chai tea,Morning Sunrise Chai Lg,4,9,Sun,6,Jan,Morning,Weekend,Small Purchase
38,1/1/2023,2026-07-22T09:00:24.000Z,2,8,Hell's Kitchen,40,3.75,Coffee,Barista Espresso,Cappuccino,7.5,9,Sun,6,Jan,Morning,Weekend,Small Purchase
39,1/1/2023,2026-07-22T09:07:13.000Z,1,8,Hell's Kitchen,45,3,Tea,Brewed herbal tea,Peppermint Lg,3,9,Sun,6,Jan,Morning,Weekend,Small Purchase
40,1/1/2023,2026-07-22T09:08:09.000Z,2,8,Hell's Kitchen,45,3,Tea,Brewed herbal tea,Peppermint Lg,6,9,Sun,6,Jan,Morning,Weekend,Small Purchase
41,1/1/2023,2026-07-22T09:08:13.000Z,1,8,Hell's Kitchen,24,3,Coffee,Drip coffee,Our Old Time Diner Blend Lg,3,9,Sun,6,Jan,Morning,Weekend,Small Purchase
42,1/1/2023,2026-07-22T09:10:30.000Z,2,5,Lower Manhattan,60,3.75,Drinking Chocolate,Hot chocolate,Sustainably Grown Organic Rg,7.5,9,Sun,6,Jan,Morning,Weekend,Small Purchase
43,1/1/2023,2026-07-22T09:10:30.000Z,1,5,Lower Manhattan,78,4.5,Bakery,Scone,Scottish Cream Scone ,4.5,9,Sun,6,Jan,Morning,Weekend,Small Purchase
44,1/1/2023,2026-07-22T09:11:06.000Z,1,5,Lower Manhattan,56,2.55,Tea,Brewed Chai tea,Spicy Eye Opener Chai Rg,2.55,9,Sun,6,Jan,Morning,Weekend,Small Purchase
45,1/1/2023,2026-07-22T09:11:06.000Z,1,5,Lower Manhattan,77,3,Bakery,Scone,Oatmeal Scone,3,9,Sun,6,Jan,Morning,Weekend,Small Purchase
46,1/1/2023,2026-07-22T09:13:01.000Z,1,5,Lower Manhattan,44,2.5,Tea,Brewed herbal tea,Peppermint Rg,2.5,9,Sun,6,Jan,Morning,Weekend,Small Purchase
47,1/1/2023,2026-07-22T09:13:15.000Z,2,5,Lower Manhattan,56,2.55,Tea,Brewed Chai tea,Spicy Eye Opener Chai Rg,5.1,9,Sun,6,Jan,Morning,Weekend,Small Purchase
48,1/1/2023,2026-07-22T09:14:16.000Z,1,5,Lower Manhattan,48,2.5,Tea,Brewed Black tea,English Breakfast Rg,2.5,9,Sun,6,Jan,Morning,Weekend,Small Purchase
49,1/1/2023,2026-07-22T09:14:17.000Z,1,8,Hell's Kitchen,23,2.5,Coffee,Drip coffee,Our Old Time Diner Blend Rg,2.5,9,Sun,6,Jan,Morning,Weekend,Small Purchase
50,1/1/2023,2026-07-22T09:14:25.000Z,1,8,Hell's Kitchen,46,2.5,Tea,Brewed Green tea,Serenity Green Tea Rg,2.5,9,Sun,6,Jan,Morning,Weekend,Small Purchase
51,1/1/2023,2026-07-22T09:14:41.000Z,1,8,Hell's Kitchen,32,3,Coffee,Gourmet brewed coffee,Ethiopia Rg,3,9,Sun,6,Jan,Morning,Weekend,Small Purchase
52,1/1/2023,2026-07-22T09:15:09.000Z,2,5,Lower Manhattan,47,3,Tea,Brewed Green tea,Serenity Green Tea Lg,6,9,Sun,6,Jan,Morning,Weekend,Small Purchase
53,1/1/2023,2026-07-22T09:15:13.000Z,2,5,Lower Manhattan,43,3,Tea,Brewed herbal tea,Lemon Grass Lg,6,9,Sun,6,Jan,Morning,Weekend,Small Purchase
54,1/1/2023,2026-07-22T09:19:21.000Z,2,5,Lower Manhattan,25,2.2,Coffee,Organic brewed coffee,Brazilian Sm,4.4,9,Sun,6,Jan,Morning,Weekend,Small Purchase
55,1/1/2023,2026-07-22T09:19:26.000Z,1,8,Hell's Kitchen,59,4.5,Drinking Chocolate,Hot chocolate,Dark chocolate Lg,4.5,9,Sun,6,Jan,Morning,Weekend,Small Purchase
56,1/1/2023,2026-07-22T09:21:08.000Z,1,5,Lower Manhattan,38,3.75,Coffee,Barista Espresso,Latte,3.75,9,Sun,6,Jan,Morning,Weekend,Small Purchase
57,1/1/2023,2026-07-22T09:22:17.000Z,1,8,Hell's Kitchen,45,3,Tea,Brewed herbal tea,Peppermint Lg,3,9,Sun,6,Jan,Morning,Weekend,Small Purchase
58,1/1/2023,2026-07-22T09:22:46.000Z,1,5,Lower Manhattan,34,2.45,Coffee,Premium brewed coffee,Jamaican Coffee River Sm,2.45,9,Sun,6,Jan,Morning,Weekend,Small Purchase
59,1/1/2023,2026-07-22T09:29:56.000Z,2,8,Hell's Kitchen,36,3.75,Coffee,Premium brewed coffee,Jamaican Coffee River Lg,7.5,9,Sun,6,Jan,Morning,Weekend,Small Purchase
60,1/1/2023,2026-07-22T09:29:56.000Z,1,8,Hell's Kitchen,74,3.5,Bakery,Biscotti,Ginger Biscotti,3.5,9,Sun,6,Jan,Morning,Weekend,Small Purchase
61,1/1/2023,2026-07-22T09:29:57.000Z,1,8,Hell's Kitchen,53,3,Tea,Brewed Chai tea,Traditional Blend Chai Lg,3,9,Sun,6,Jan,Morning,Weekend,Small Purchase
62,1/1/2023,2026-07-22T09:34:17.000Z,2,8,Hell's Kitchen,41,4.25,Coffee,Barista Espresso,Cappuccino Lg,8.5,9,Sun,6,Jan,Morning,Weekend,Small Purchase
63,1/1/2023,2026-07-22T09:40:13.000Z,1,5,Lower Manhattan,41,4.25,Coffee,Barista Espresso,Cappuccino Lg,4.25,9,Sun,6,Jan,Morning,Weekend,Small Purchase
64,1/1/2023,2026-07-22T09:41:22.000Z,2,5,Lower Manhattan,45,3,Tea,Brewed herbal tea,Peppermint Lg,6,9,Sun,6,Jan,Morning,Weekend,Small Purchase
65,1/1/2023,2026-07-22T09:41:22.000Z,1,5,Lower Manhattan,79,3.75,Bakery,Scone,Jumbo Savory Scone,3.75,9,Sun,6,Jan,Morning,Weekend,Small Purchase
66,1/1/2023,2026-07-22T09:44:20.000Z,2,5,Lower Manhattan,54,2.5,Tea,Brewed Chai tea,Morning Sunrise Chai Rg,5,9,Sun,6,Jan,Morning,Weekend,Small Purchase
67,1/1/2023,2026-07-22T09:44:46.000Z,1,5,Lower Manhattan,24,3,Coffee,Drip coffee,Our Old Time Diner Blend Lg,3,9,Sun,6,Jan,Morning,Weekend,Small Purchase
68,1/1/2023,2026-07-22T09:46:46.000Z,2,5,Lower Manhattan,37,3,Coffee,Barista Espresso,Espresso shot,6,9,Sun,6,Jan,Morning,Weekend,Small Purchase
69,1/1/2023,2026-07-22T09:47:40.000Z,2,8,Hell's Kitchen,40,3.75,Coffee,Barista Espresso,Cappuccino,7.5,9,Sun,6,Jan,Morning,Weekend,Small Purchase
70,1/1/2023,2026-07-22T09:50:44.000Z,2,5,Lower Manhattan,37,3,Coffee,Barista Espresso,Espresso shot,6,9,Sun,6,Jan,Morning,Weekend,Small Purchase
71,1/1/2023,2026-07-22T09:50:44.000Z,1,5,Lower Manhattan,69,3.25,Bakery,Biscotti,Hazelnut Biscotti,3.25,9,Sun,6,Jan,Morning,Weekend,Small Purchase
72,1/1/2023,2026-07-22T09:52:58.000Z,1,5,Lower Manhattan,50,2.5,Tea,Brewed Black tea,Earl Grey Rg,2.5,9,Sun,6,Jan,Morning,Weekend,Small Purchase
73,1/1/2023,2026-07-22T09:53:28.000Z,1,8,Hell's Kitchen,47,3,Tea,Brewed Green tea,Serenity Green Tea Lg,3,9,Sun,6,Jan,Morning,Weekend,Small Purchase
74,1/1/2023,2026-07-22T09:53:44.000Z,2,8,Hell's Kitchen,40,3.75,Coffee,Barista Espresso,Cappuccino,7.5,9,Sun,6,Jan,Morning,Weekend,Small Purchase
75,1/1/2023,2026-07-22T09:53:44.000Z,1,8,Hell's Kitchen,72,3.25,Bakery,Scone,Ginger Scone,3.25,9,Sun,6,Jan,Morning,Weekend,Small Purchase
76,1/1/2023,2026-07-22T09:53:49.000Z,1,8,Hell's Kitchen,35,3.1,Coffee,Premium brewed coffee,Jamaican Coffee River Rg,3.1,9,Sun,6,Jan,Morning,Weekend,Small Purchase
77,1/1/2023,2026-07-22T09:54:46.000Z,1,5,Lower Manhattan,23,2.5,Coffee,Drip coffee,Our Old Time Diner Blend Rg,2.5,9,Sun,6,Jan,Morning,Weekend,Small Purchase
78,1/1/2023,2026-07-22T09:55:16.000Z,2,5,Lower Manhattan,43,3,Tea,Brewed herbal tea,Lemon Grass Lg,6,9,Sun,6,Jan,Morning,Weekend,Small Purchase
79,1/1/2023,2026-07-22T09:56:30.000Z,1,8,Hell's Kitchen,22,2,Coffee,Drip coffee,Our Old Time Diner Blend Sm,2,9,Sun,6,Jan,Morning,Weekend,Small Purchase
80,1/1/2023,2026-07-22T10:00:39.000Z,2,8,Hell's Kitchen,32,3,Coffee,Gourmet brewed coffee,Ethiopia Rg,6,10,Sun,6,Jan,Morning,Weekend,Small Purchase
81,1/1/2023,2026-07-22T10:03:55.000Z,2,8,Hell's Kitchen,36,3.75,Coffee,Premium brewed coffee,Jamaican Coffee River Lg,7.5,10,Sun,6,Jan,Morning,Weekend,Small Purchase
82,1/1/2023,2026-07-22T10:14:49.000Z,1,5,Lower Manhattan,26,3,Coffee,Organic brewed coffee,Brazilian Rg,3,10,Sun,6,Jan,Morning,Weekend,Small Purchase
83,1/1/2023,2026-07-22T10:14:49.000Z,1,5,Lower Manhattan,71,3.75,Bakery,Pastry,Chocolate Croissant,3.75,10,Sun,6,Jan,Morning,Weekend,Small Purchase
84,1/1/2023,2026-07-22T10:16:30.000Z,2,5,Lower Manhattan,32,3,Coffee,Gourmet brewed coffee,Ethiopia Rg,6,10,Sun,6,Jan,Morning,Weekend,Small Purchase
85,1/1/2023,2026-07-22T10:16:33.000Z,1,8,Hell's Kitchen,54,2.5,Tea,Brewed Chai tea,Morning Sunrise Chai Rg,2.5,10,Sun,6,Jan,Morning,Weekend,Small Purchase
86,1/1/2023,2026-07-22T10:18:14.000Z,2,8,Hell's Kitchen,41,4.25,Coffee,Barista Espresso,Cappuccino Lg,8.5,10,Sun,6,Jan,Morning,Weekend,Small Purchase
87,1/1/2023,2026-07-22T10:18:52.000Z,2,5,Lower Manhattan,25,2.2,Coffee,Organic brewed coffee,Brazilian Sm,4.4,10,Sun,6,Jan,Morning,Weekend,Small Purchase
88,1/1/2023,2026-07-22T10:19:42.000Z,2,5,Lower Manhattan,23,2.5,Coffee,Drip coffee,Our Old Time Diner Blend Rg,5,10,Sun,6,Jan,Morning,Weekend,Small Purchase
89,1/1/2023,2026-07-22T10:24:19.000Z,1,8,Hell's Kitchen,54,2.5,Tea,Brewed Chai tea,Morning Sunrise Chai Rg,2.5,10,Sun,6,Jan,Morning,Weekend,Small Purchase
90,1/1/2023,2026-07-22T10:25:22.000Z,2,8,Hell's Kitchen,56,2.55,Tea,Brewed Chai tea,Spicy Eye Opener Chai Rg,5.1,10,Sun,6,Jan,Morning,Weekend,Small Purchase
91,1/1/2023,2026-07-22T10:25:45.000Z,2,5,Lower Manhattan,58,3.5,Drinking Chocolate,Hot chocolate,Dark chocolate Rg,7,10,Sun,6,Jan,Morning,Weekend,Small Purchase
92,1/1/2023,2026-07-22T10:25:45.000Z,1,5,Lower Manhattan,74,3.5,Bakery,Biscotti,Ginger Biscotti,3.5,10,Sun,6,Jan,Morning,Weekend,Small Purchase
93,1/1/2023,2026-07-22T10:27:48.000Z,2,8,Hell's Kitchen,47,3,Tea,Brewed Green tea,Serenity Green Tea Lg,6,10,Sun,6,Jan,Morning,Weekend,Small Purchase
94,1/1/2023,2026-07-22T10:30:07.000Z,1,5,Lower Manhattan,35,3.1,Coffee,Premium brewed coffee,Jamaican Coffee River Rg,3.1,10,Sun,6,Jan,Morning,Weekend,Small Purchase
95,1/1/2023,2026-07-22T10:30:07.000Z,1,5,Lower Manhattan,70,3.25,Bakery,Scone,Cranberry Scone,3.25,10,Sun,6,Jan,Morning,Weekend,Small Purchase
96,1/1/2023,2026-07-22T10:35:47.000Z,1,8,Hell's Kitchen,60,3.75,Drinking Chocolate,Hot chocolate,Sustainably Grown Organic Rg,3.75,10,Sun,6,Jan,Morning,Weekend,Small Purchase
97,1/1/2023,2026-07-22T10:41:53.000Z,1,5,Lower Manhattan,59,4.5,Drinking Chocolate,Hot chocolate,Dark chocolate Lg,4.5,10,Sun,6,Jan,Morning,Weekend,Small Purchase
98,1/1/2023,2026-07-22T10:47:53.000Z,2,5,Lower Manhattan,36,3.75,Coffee,Premium brewed coffee,Jamaican Coffee River Lg,7.5,10,Sun,6,Jan,Morning,Weekend,Small Purchase
99,1/1/2023,2026-07-22T10:49:13.000Z,2,8,Hell's Kitchen,51,3,Tea,Brewed Black tea,Earl Grey Lg,6,10,Sun,6,Jan,Morning,Weekend,Small Purchase
100,1/1/2023,2026-07-22T10:49:51.000Z,2,5,Lower Manhattan,61,4.75,Drinking Chocolate,Hot chocolate,Sustainably Grown Organic Lg,9.5,10,Sun,6,Jan,Morning,Weekend,Small Purchase
101,1/1/2023,2026-07-22T10:51:17.000Z,1,5,Lower Manhattan,47,3,Tea,Brewed Green tea,Serenity Green Tea Lg,3,10,Sun,6,Jan,Morning,Weekend,Small Purchase
102,1/1/2023,2026-07-22T10:52:44.000Z,2,8,Hell's Kitchen,23,2.5,Coffee,Drip coffee,Our Old Time Diner Blend Rg,5,10,Sun,6,Jan,Morning,Weekend,Small Purchase
103,1/1/2023,2026-07-22T10:52:44.000Z,1,8,Hell's Kitchen,73,3.75,Bakery,Pastry,Almond Croissant,3.75,10,Sun,6,Jan,Morning,Weekend,Small Purchase
104,1/1/2023,2026-07-22T10:56:14.000Z,1,5,Lower Manhattan,38,3.75,Coffee,Barista Espresso,Latte,3.75,10,Sun,6,Jan,Morning,Weekend,Small Purchase
105,1/1/2023,2026-07-22T10:56:14.000Z,1,5,Lower Manhattan,76,3.5,Bakery,Biscotti,Chocolate Chip Biscotti,3.5,10,Sun,6,Jan,Morning,Weekend,Small Purchase
106,1/1/2023,2026-07-22T11:01:48.000Z,1,3,Astoria,22,2,Coffee,Drip coffee,Our Old Time Diner Blend Sm,2,11,Sun,6,Jan,Morning,Weekend,Small Purchase
107,1/1/2023,2026-07-22T11:01:58.000Z,1,3,Astoria,38,3.75,Coffee,Barista Espresso,Latte,3.75,11,Sun,6,Jan,Morning,Weekend,Small Purchase
108,1/1/2023,2026-07-22T11:01:58.000Z,1,3,Astoria,75,3.5,Bakery,Pastry,Croissant,3.5,11,Sun,6,Jan,Morning,Weekend,Small Purchase
109,1/1/2023,2026-07-22T11:03:25.000Z,2,5,Lower Manhattan,47,3,Tea,Brewed Green tea,Serenity Green Tea Lg,6,11,Sun,6,Jan,Morning,Weekend,Small Purchase
110,1/1/2023,2026-07-22T11:03:25.000Z,1,5,Lower Manhattan,75,3.5,Bakery,Pastry,Croissant,3.5,11,Sun,6,Jan,Morning,Weekend,Small Purchase
111,1/1/2023,2026-07-22T11:04:32.000Z,2,8,Hell's Kitchen,39,4.25,Coffee,Barista Espresso,Latte Rg,8.5,11,Sun,6,Jan,Morning,Weekend,Small Purchase
112,1/1/2023,2026-07-22T11:08:11.000Z,1,3,Astoria,59,4.5,Drinking Chocolate,Hot chocolate,Dark chocolate Lg,4.5,11,Sun,6,Jan,Morning,Weekend,Small Purchase
113,1/1/2023,2026-07-22T11:08:59.000Z,2,8,Hell's Kitchen,51,3,Tea,Brewed Black tea,Earl Grey Lg,6,11,Sun,6,Jan,Morning,Weekend,Small Purchase
114,1/1/2023,2026-07-22T11:09:01.000Z,1,3,Astoria,59,4.5,Drinking Chocolate,Hot chocolate,Dark chocolate Lg,4.5,11,Sun,6,Jan,Morning,Weekend,Small Purchase
115,1/1/2023,2026-07-22T11:10:21.000Z,1,3,Astoria,47,3,Tea,Brewed Green tea,Serenity Green Tea Lg,3,11,Sun,6,Jan,Morning,Weekend,Small Purchase
116,1/1/2023,2026-07-22T11:10:21.000Z,1,3,Astoria,79,3.75,Bakery,Scone,Jumbo Savory Scone,3.75,11,Sun,6,Jan,Morning,Weekend,Small Purchase
117,1/1/2023,2026-07-22T11:10:58.000Z,1,3,Astoria,46,2.5,Tea,Brewed Green tea,Serenity Green Tea Rg,2.5,11,Sun,6,Jan,Morning,Weekend,Small Purchase
118,1/1/2023,2026-07-22T11:12:29.000Z,1,3,Astoria,43,3,Tea,Brewed herbal tea,Lemon Grass Lg,3,11,Sun,6,Jan,Morning,Weekend,Small Purchase
119,1/1/2023,2026-07-22T11:16:02.000Z,2,3,Astoria,45,3,Tea,Brewed herbal tea,Peppermint Lg,6,11,Sun,6,Jan,Morning,Weekend,Small Purchase
120,1/1/2023,2026-07-22T11:21:00.000Z,2,8,Hell's Kitchen,54,2.5,Tea,Brewed Chai tea,Morning Sunrise Chai Rg,5,11,Sun,6,Jan,Morning,Weekend,Small Purchase
121,1/1/2023,2026-07-22T11:21:04.000Z,2,5,Lower Manhattan,51,3,Tea,Brewed Black tea,Earl Grey Lg,6,11,Sun,6,Jan,Morning,Weekend,Small Purchase
122,1/1/2023,2026-07-22T11:21:14.000Z,1,3,Astoria,60,3.75,Drinking Chocolate,Hot chocolate,Sustainably Grown Organic Rg,3.75,11,Sun,6,Jan,Morning,Weekend,Small Purchase
123,1/1/2023,2026-07-22T11:23:01.000Z,1,8,Hell's Kitchen,31,2.2,Coffee,Gourmet brewed coffee,Ethiopia Sm,2.2,11,Sun,6,Jan,Morning,Weekend,Small Purchase
124,1/1/2023,2026-07-22T11:23:43.000Z,2,5,Lower Manhattan,60,3.75,Drinking Chocolate,Hot chocolate,Sustainably Grown Organic Rg,7.5,11,Sun,6,Jan,Morning,Weekend,Small Purchase
125,1/1/2023,2026-07-22T11:23:43.000Z,1,5,Lower Manhattan,77,3,Bakery,Scone,Oatmeal Scone,3,11,Sun,6,Jan,Morning,Weekend,Small Purchase
126,1/1/2023,2026-07-22T11:25:35.000Z,2,3,Astoria,49,3,Tea,Brewed Black tea,English Breakfast Lg,6,11,Sun,6,Jan,Morning,Weekend,Small Purchase
127,1/1/2023,2026-07-22T11:25:37.000Z,2,5,Lower Manhattan,40,3.75,Coffee,Barista Espresso,Cappuccino,7.5,11,Sun,6,Jan,Morning,Weekend,Small Purchase
128,1/1/2023,2026-07-22T11:28:15.000Z,2,8,Hell's Kitchen,44,2.5,Tea,Brewed herbal tea,Peppermint Rg,5,11,Sun,6,Jan,Morning,Weekend,Small Purchase
129,1/1/2023,2026-07-22T11:28:29.000Z,2,3,Astoria,33,3.5,Coffee,Gourmet brewed coffee,Ethiopia Lg,7,11,Sun,6,Jan,Morning,Weekend,Small Purchase
130,1/1/2023,2026-07-22T11:29:25.000Z,2,5,Lower Manhattan,56,2.55,Tea,Brewed Chai tea,Spicy Eye Opener Chai Rg,5.1,11,Sun,6,Jan,Morning,Weekend,Small Purchase
131,1/1/2023,2026-07-22T11:29:57.000Z,2,8,Hell's Kitchen,35,3.1,Coffee,Premium brewed coffee,Jamaican Coffee River Rg,6.2,11,Sun,6,Jan,Morning,Weekend,Small Purchase
132,1/1/2023,2026-07-22T11:29:57.000Z,1,8,Hell's Kitchen,78,4.5,Bakery,Scone,Scottish Cream Scone ,4.5,11,Sun,6,Jan,Morning,Weekend,Small Purchase
133,1/1/2023,2026-07-22T11:30:22.000Z,1,8,Hell's Kitchen,23,2.5,Coffee,Drip coffee,Our Old Time Diner Blend Rg,2.5,11,Sun,6,Jan,Morning,Weekend,Small Purchase
134,1/1/2023,2026-07-22T11:31:35.000Z,1,8,Hell's Kitchen,24,3,Coffee,Drip coffee,Our Old Time Diner Blend Lg,3,11,Sun,6,Jan,Morning,Weekend,Small Purchase
135,1/1/2023,2026-07-22T11:31:43.000Z,2,5,Lower Manhattan,51,3,Tea,Brewed Black tea,Earl Grey Lg,6,11,Sun,6,Jan,Morning,Weekend,Small Purchase
136,1/1/2023,2026-07-22T11:31:43.000Z,1,5,Lower Manhattan,72,3.25,Bakery,Scone,Ginger Scone,3.25,11,Sun,6,Jan,Morning,Weekend,Small Purchase
137,1/1/2023,2026-07-22T11:31:53.000Z,2,5,Lower Manhattan,54,2.5,Tea,Brewed Chai tea,Morning Sunrise Chai Rg,5,11,Sun,6,Jan,Morning,Weekend,Small Purchase
138,1/1/2023,2026-07-22T11:31:53.000Z,1,5,Lower Manhattan,75,3.5,Bakery,Pastry,Croissant,3.5,11,Sun,6,Jan,Morning,Weekend,Small Purchase
139,1/1/2023,2026-07-22T11:39:14.000Z,1,5,Lower Manhattan,60,3.75,Drinking Chocolate,Hot chocolate,Sustainably Grown Organic Rg,3.75,11,Sun,6,Jan,Morning,Weekend,Small Purchase
140,1/1/2023,2026-07-22T11:39:14.000Z,1,5,Lower Manhattan,71,3.75,Bakery,Pastry,Chocolate Croissant,3.75,11,Sun,6,Jan,Morning,Weekend,Small Purchase
141,1/1/2023,2026-07-22T11:40:26.000Z,2,3,Astoria,52,2.5,Tea,Brewed Chai tea,Traditional Blend Chai Rg,5,11,Sun,6,Jan,Morning,Weekend,Small Purchase
142,1/1/2023,2026-07-22T11:43:57.000Z,2,3,Astoria,25,2.2,Coffee,Organic brewed coffee,Brazilian Sm,4.4,11,Sun,6,Jan,Morning,Weekend,Small Purchase
143,1/1/2023,2026-07-22T11:44:09.000Z,1,5,Lower Manhattan,38,3.75,Coffee,Barista Espresso,Latte,3.75,11,Sun,6,Jan,Morning,Weekend,Small Purchase
144,1/1/2023,2026-07-22T11:47:13.000Z,1,3,Astoria,30,3,Coffee,Gourmet brewed coffee,Columbian Medium Roast Lg,3,11,Sun,6,Jan,Morning,Weekend,Small Purchase
145,1/1/2023,2026-07-22T11:48:56.000Z,2,8,Hell's Kitchen,50,2.5,Tea,Brewed Black tea,Earl Grey Rg,5,11,Sun,6,Jan,Morning,Weekend,Small Purchase
146,1/1/2023,2026-07-22T11:49:42.000Z,1,8,Hell's Kitchen,54,2.5,Tea,Brewed Chai tea,Morning Sunrise Chai Rg,2.5,11,Sun,6,Jan,Morning,Weekend,Small Purchase
147,1/1/2023,2026-07-22T11:49:42.000Z,1,8,Hell's Kitchen,72,3.25,Bakery,Scone,Ginger Scone,3.25,11,Sun,6,Jan,Morning,Weekend,Small Purchase
148,1/1/2023,2026-07-22T11:50:16.000Z,2,3,Astoria,26,3,Coffee,Organic brewed coffee,Brazilian Rg,6,11,Sun,6,Jan,Morning,Weekend,Small Purchase
149,1/1/2023,2026-07-22T11:50:23.000Z,2,3,Astoria,36,3.75,Coffee,Premium brewed coffee,Jamaican Coffee River Lg,7.5,11,Sun,6,Jan,Morning,Weekend,Small Purchase
150,1/1/2023,2026-07-22T11:50:58.000Z,2,5,Lower Manhattan,45,3,Tea,Brewed herbal tea,Peppermint Lg,6,11,Sun,6,Jan,Morning,Weekend,Small Purchase
151,1/1/2023,2026-07-22T11:51:30.000Z,2,8,Hell's Kitchen,33,3.5,Coffee,Gourmet brewed coffee,Ethiopia Lg,7,11,Sun,6,Jan,Morning,Weekend,Small Purchase
152,1/1/2023,2026-07-22T11:52:31.000Z,1,5,Lower Manhattan,57,3.1,Tea,Brewed Chai tea,Spicy Eye Opener Chai Lg,3.1,11,Sun,6,Jan,Morning,Weekend,Small Purchase
153,1/1/2023,2026-07-22T11:57:17.000Z,2,3,Astoria,37,3,Coffee,Barista Espresso,Espresso shot,6,11,Sun,6,Jan,Morning,Weekend,Small Purchase
154,1/1/2023,2026-07-22T11:57:59.000Z,1,3,Astoria,50,2.5,Tea,Brewed Black tea,Earl Grey Rg,2.5,11,Sun,6,Jan,Morning,Weekend,Small Purchase
155,1/1/2023,2026-07-22T11:57:59.000Z,1,3,Astoria,79,3.75,Bakery,Scone,Jumbo Savory Scone,3.75,11,Sun,6,Jan,Morning,Weekend,Small Purchase
156,1/1/2023,2026-07-22T11:58:15.000Z,2,3,Astoria,60,3.75,Drinking Chocolate,Hot chocolate,Sustainably Grown Organic Rg,7.5,11,Sun,6,Jan,Morning,Weekend,Small Purchase
157,1/1/2023,2026-07-22T12:00:20.000Z,1,5,Lower Manhattan,29,2.5,Coffee,Gourmet brewed coffee,Columbian Medium Roast Rg,2.5,12,Sun,6,Jan,Afternoon,Weekend,Small Purchase
158,1/1/2023,2026-07-22T12:01:00.000Z,2,3,Astoria,49,3,Tea,Brewed Black tea,English Breakfast Lg,6,12,Sun,6,Jan,Afternoon,Weekend,Small Purchase
159,1/1/2023,2026-07-22T12:01:20.000Z,2,3,Astoria,35,3.1,Coffee,Premium brewed coffee,Jamaican Coffee River Rg,6.2,12,Sun,6,Jan,Afternoon,Weekend,Small Purchase
160,1/1/2023,2026-07-22T12:01:20.000Z,1,3,Astoria,75,3.5,Bakery,Pastry,Croissant,3.5,12,Sun,6,Jan,Afternoon,Weekend,Small Purchase
161,1/1/2023,2026-07-22T12:03:09.000Z,1,8,Hell's Kitchen,36,3.75,Coffee,Premium brewed coffee,Jamaican Coffee River Lg,3.75,12,Sun,6,Jan,Afternoon,Weekend,Small Purchase
162,1/1/2023,2026-07-22T12:03:38.000Z,1,8,Hell's Kitchen,47,3,Tea,Brewed Green tea,Serenity Green Tea Lg,3,12,Sun,6,Jan,Afternoon,Weekend,Small Purchase
163,1/1/2023,2026-07-22T12:03:43.000Z,1,3,Astoria,44,2.5,Tea,Brewed herbal tea,Peppermint Rg,2.5,12,Sun,6,Jan,Afternoon,Weekend,Small Purchase
164,1/1/2023,2026-07-22T12:04:22.000Z,2,8,Hell's Kitchen,27,3.5,Coffee,Organic brewed coffee,Brazilian Lg,7,12,Sun,6,Jan,Afternoon,Weekend,Small Purchase
165,1/1/2023,2026-07-22T12:05:31.000Z,2,3,Astoria,52,2.5,Tea,Brewed Chai tea,Traditional Blend Chai Rg,5,12,Sun,6,Jan,Afternoon,Weekend,Small Purchase
166,1/1/2023,2026-07-22T12:06:29.000Z,1,5,Lower Manhattan,46,2.5,Tea,Brewed Green tea,Serenity Green Tea Rg,2.5,12,Sun,6,Jan,Afternoon,Weekend,Small Purchase
167,1/1/2023,2026-07-22T12:07:42.000Z,1,8,Hell's Kitchen,24,3,Coffee,Drip coffee,Our Old Time Diner Blend Lg,3,12,Sun,6,Jan,Afternoon,Weekend,Small Purchase
168,1/1/2023,2026-07-22T12:08:21.000Z,1,5,Lower Manhattan,43,3,Tea,Brewed herbal tea,Lemon Grass Lg,3,12,Sun,6,Jan,Afternoon,Weekend,Small Purchase
169,1/1/2023,2026-07-22T12:08:36.000Z,1,8,Hell's Kitchen,35,3.1,Coffee,Premium brewed coffee,Jamaican Coffee River Rg,3.1,12,Sun,6,Jan,Afternoon,Weekend,Small Purchase
170,1/1/2023,2026-07-22T12:09:11.000Z,2,3,Astoria,28,2,Coffee,Gourmet brewed coffee,Columbian Medium Roast Sm,4,12,Sun,6,Jan,Afternoon,Weekend,Small Purchase
171,1/1/2023,2026-07-22T12:09:12.000Z,2,8,Hell's Kitchen,50,2.5,Tea,Brewed Black tea,Earl Grey Rg,5,12,Sun,6,Jan,Afternoon,Weekend,Small Purchase
172,1/1/2023,2026-07-22T12:13:07.000Z,2,5,Lower Manhattan,38,3.75,Coffee,Barista Espresso,Latte,7.5,12,Sun,6,Jan,Afternoon,Weekend,Small Purchase
173,1/1/2023,2026-07-22T12:14:26.000Z,2,8,Hell's Kitchen,35,3.1,Coffee,Premium brewed coffee,Jamaican Coffee River Rg,6.2,12,Sun,6,Jan,Afternoon,Weekend,Small Purchase
174,1/1/2023,2026-07-22T12:17:38.000Z,2,8,Hell's Kitchen,50,2.5,Tea,Brewed Black tea,Earl Grey Rg,5,12,Sun,6,Jan,Afternoon,Weekend,Small Purchase
175,1/1/2023,2026-07-22T12:18:07.000Z,2,5,Lower Manhattan,25,2.2,Coffee,Organic brewed coffee,Brazilian Sm,4.4,12,Sun,6,Jan,Afternoon,Weekend,Small Purchase
176,1/1/2023,2026-07-22T12:18:44.000Z,2,3,Astoria,49,3,Tea,Brewed Black tea,English Breakfast Lg,6,12,Sun,6,Jan,Afternoon,Weekend,Small Purchase
177,1/1/2023,2026-07-22T12:20:16.000Z,2,3,Astoria,60,3.75,Drinking Chocolate,Hot chocolate,Sustainably Grown Organic Rg,7.5,12,Sun,6,Jan,Afternoon,Weekend,Small Purchase
178,1/1/2023,2026-07-22T12:23:39.000Z,1,3,Astoria,24,3,Coffee,Drip coffee,Our Old Time Diner Blend Lg,3,12,Sun,6,Jan,Afternoon,Weekend,Small Purchase
179,1/1/2023,2026-07-22T12:27:06.000Z,2,5,Lower Manhattan,41,4.25,Coffee,Barista Espresso,Cappuccino Lg,8.5,12,Sun,6,Jan,Afternoon,Weekend,Small Purchase
180,1/1/2023,2026-07-22T12:30:46.000Z,2,3,Astoria,44,2.5,Tea,Brewed herbal tea,Peppermint Rg,5,12,Sun,6,Jan,Afternoon,Weekend,Small Purchase
181,1/1/2023,2026-07-22T12:30:49.000Z,1,8,Hell's Kitchen,38,3.75,Coffee,Barista Espresso,Latte,3.75,12,Sun,6,Jan,Afternoon,Weekend,Small Purchase
182,1/1/2023,2026-07-22T12:33:20.000Z,2,3,Astoria,54,2.5,Tea,Brewed Chai tea,Morning Sunrise Chai Rg,5,12,Sun,6,Jan,Afternoon,Weekend,Small Purchase
183,1/1/2023,2026-07-22T12:33:35.000Z,2,3,Astoria,29,2.5,Coffee,Gourmet brewed coffee,Columbian Medium Roast Rg,5,12,Sun,6,Jan,Afternoon,Weekend,Small Purchase
184,1/1/2023,2026-07-22T12:35:53.000Z,2,5,Lower Manhattan,31,2.2,Coffee,Gourmet brewed coffee,Ethiopia Sm,4.4,12,Sun,6,Jan,Afternoon,Weekend,Small Purchase
185,1/1/2023,2026-07-22T12:36:57.000Z,1,8,Hell's Kitchen,60,3.75,Drinking Chocolate,Hot chocolate,Sustainably Grown Organic Rg,3.75,12,Sun,6,Jan,Afternoon,Weekend,Small Purchase
186,1/1/2023,2026-07-22T12:38:28.000Z,2,8,Hell's Kitchen,49,3,Tea,Brewed Black tea,English Breakfast Lg,6,12,Sun,6,Jan,Afternoon,Weekend,Small Purchase
187,1/1/2023,2026-07-22T12:42:26.000Z,1,3,Astoria,53,3,Tea,Brewed Chai tea,Traditional Blend Chai Lg,3,12,Sun,6,Jan,Afternoon,Weekend,Small Purchase
188,1/1/2023,2026-07-22T12:44:01.000Z,1,8,Hell's Kitchen,60,3.75,Drinking Chocolate,Hot chocolate,Sustainably Grown Organic Rg,3.75,12,Sun,6,Jan,Afternoon,Weekend,Small Purchase
189,1/1/2023,2026-07-22T12:44:31.000Z,1,3,Astoria,53,3,Tea,Brewed Chai tea,Traditional Blend Chai Lg,3,12,Sun,6,Jan,Afternoon,Weekend,Small Purchase
190,1/1/2023,2026-07-22T12:44:32.000Z,1,3,Astoria,52,2.5,Tea,Brewed Chai tea,Traditional Blend Chai Rg,2.5,12,Sun,6,Jan,Afternoon,Weekend,Small Purchase
191,1/1/2023,2026-07-22T12:45:52.000Z,2,3,Astoria,28,2,Coffee,Gourmet brewed coffee,Columbian Medium Roast Sm,4,12,Sun,6,Jan,Afternoon,Weekend,Small Purchase
192,1/1/2023,2026-07-22T12:46:22.000Z,1,3,Astoria,56,2.55,Tea,Brewed Chai tea,Spicy Eye Opener Chai Rg,2.55,12,Sun,6,Jan,Afternoon,Weekend,Small Purchase
193,1/1/2023,2026-07-22T12:46:26.000Z,1,3,Astoria,23,2.5,Coffee,Drip coffee,Our Old Time Diner Blend Rg,2.5,12,Sun,6,Jan,Afternoon,Weekend,Small Purchase
194,1/1/2023,2026-07-22T12:46:55.000Z,1,3,Astoria,33,3.5,Coffee,Gourmet brewed coffee,Ethiopia Lg,3.5,12,Sun,6,Jan,Afternoon,Weekend,Small Purchase
195,1/1/2023,2026-07-22T12:46:55.000Z,1,3,Astoria,75,3.5,Bakery,Pastry,Croissant,3.5,12,Sun,6,Jan,Afternoon,Weekend,Small Purchase
196,1/1/2023,2026-07-22T12:48:08.000Z,2,3,Astoria,38,3.75,Coffee,Barista Espresso,Latte,7.5,12,Sun,6,Jan,Afternoon,Weekend,Small Purchase
197,1/1/2023,2026-07-22T12:49:48.000Z,1,8,Hell's Kitchen,30,3,Coffee,Gourmet brewed coffee,Columbian Medium Roast Lg,3,12,Sun,6,Jan,Afternoon,Weekend,Small Purchase
198,1/1/2023,2026-07-22T12:50:15.000Z,1,3,Astoria,59,4.5,Drinking Chocolate,Hot chocolate,Dark chocolate Lg,4.5,12,Sun,6,Jan,Afternoon,Weekend,Small Purchase
199,1/1/2023,2026-07-22T12:50:28.000Z,2,3,Astoria,32,3,Coffee,Gourmet brewed coffee,Ethiopia Rg,6,12,Sun,6,Jan,Afternoon,Weekend,Small Purchase
200,1/1/2023,2026-07-22T12:51:21.000Z,1,8,Hell's Kitchen,53,3,Tea,Brewed Chai tea,Traditional Blend Chai Lg,3,12,Sun,6,Jan,Afternoon,Weekend,Small Purchase
201,1/1/2023,2026-07-22T12:51:57.000Z,1,5,Lower Manhattan,61,4.75,Drinking Chocolate,Hot chocolate,Sustainably Grown Organic Lg,4.75,12,Sun,6,Jan,Afternoon,Weekend,Small Purchase
202,1/1/2023,2026-07-22T12:51:57.000Z,1,5,Lower Manhattan,72,3.25,Bakery,Scone,Ginger Scone,3.25,12,Sun,6,Jan,Afternoon,Weekend,Small Purchase
203,1/1/2023,2026-07-22T12:52:18.000Z,1,5,Lower Manhattan,56,2.55,Tea,Brewed Chai tea,Spicy Eye Opener Chai Rg,2.55,12,Sun,6,Jan,Afternoon,Weekend,Small Purchase
204,1/1/2023,2026-07-22T12:52:18.000Z,1,5,Lower Manhattan,75,3.5,Bakery,Pastry,Croissant,3.5,12,Sun,6,Jan,Afternoon,Weekend,Small Purchase
205,1/1/2023,2026-07-22T12:53:11.000Z,2,8,Hell's Kitchen,29,2.5,Coffee,Gourmet brewed coffee,Columbian Medium Roast Rg,5,12,Sun,6,Jan,Afternoon,Weekend,Small Purchase
206,1/1/2023,2026-07-22T12:53:59.000Z,1,8,Hell's Kitchen,37,3,Coffee,Barista Espresso,Espresso shot,3,12,Sun,6,Jan,Afternoon,Weekend,Small Purchase
207,1/1/2023,2026-07-22T12:55:25.000Z,1,3,Astoria,49,3,Tea,Brewed Black tea,English Breakfast Lg,3,12,Sun,6,Jan,Afternoon,Weekend,Small Purchase
208,1/1/2023,2026-07-22T12:55:27.000Z,1,5,Lower Manhattan,57,3.1,Tea,Brewed Chai tea,Spicy Eye Opener Chai Lg,3.1,12,Sun,6,Jan,Afternoon,Weekend,Small Purchase
209,1/1/2023,2026-07-22T12:55:27.000Z,1,5,Lower Manhattan,75,3.5,Bakery,Pastry,Croissant,3.5,12,Sun,6,Jan,Afternoon,Weekend,Small Purchase
210,1/1/2023,2026-07-22T12:55:36.000Z,1,8,Hell's Kitchen,45,3,Tea,Brewed herbal tea,Peppermint Lg,3,12,Sun,6,Jan,Afternoon,Weekend,Small Purchase
211,1/1/2023,2026-07-22T12:55:53.000Z,2,8,Hell's Kitchen,26,3,Coffee,Organic brewed coffee,Brazilian Rg,6,12,Sun,6,Jan,Afternoon,Weekend,Small Purchase
212,1/1/2023,2026-07-22T12:56:33.000Z,1,3,Astoria,61,4.75,Drinking Chocolate,Hot chocolate,Sustainably Grown Organic Lg,4.75,12,Sun,6,Jan,Afternoon,Weekend,Small Purchase
213,1/1/2023,2026-07-22T12:56:59.000Z,1,3,Astoria,47,3,Tea,Brewed Green tea,Serenity Green Tea Lg,3,12,Sun,6,Jan,Afternoon,Weekend,Small Purchase
214,1/1/2023,2026-07-22T12:58:54.000Z,2,3,Astoria,44,2.5,Tea,Brewed herbal tea,Peppermint Rg,5,12,Sun,6,Jan,Afternoon,Weekend,Small Purchase
215,1/1/2023,2026-07-22T12:59:06.000Z,1,8,Hell's Kitchen,36,3.75,Coffee,Premium brewed coffee,Jamaican Coffee River Lg,3.75,12,Sun,6,Jan,Afternoon,Weekend,Small Purchase
216,1/1/2023,2026-07-22T13:00:38.000Z,2,5,Lower Manhattan,30,3,Coffee,Gourmet brewed coffee,Columbian Medium Roast Lg,6,13,Sun,6,Jan,Afternoon,Weekend,Small Purchase
217,1/1/2023,2026-07-22T13:01:33.000Z,2,5,Lower Manhattan,25,2.2,Coffee,Organic brewed coffee,Brazilian Sm,4.4,13,Sun,6,Jan,Afternoon,Weekend,Small Purchase
218,1/1/2023,2026-07-22T13:02:40.000Z,1,8,Hell's Kitchen,49,3,Tea,Brewed Black tea,English Breakfast Lg,3,13,Sun,6,Jan,Afternoon,Weekend,Small Purchase
219,1/1/2023,2026-07-22T13:02:40.000Z,1,8,Hell's Kitchen,78,4.5,Bakery,Scone,Scottish Cream Scone ,4.5,13,Sun,6,Jan,Afternoon,Weekend,Small Purchase
220,1/1/2023,2026-07-22T13:02:52.000Z,1,8,Hell's Kitchen,26,3,Coffee,Organic brewed coffee,Brazilian Rg,3,13,Sun,6,Jan,Afternoon,Weekend,Small Purchase
221,1/1/2023,2026-07-22T13:03:13.000Z,2,3,Astoria,43,3,Tea,Brewed herbal tea,Lemon Grass Lg,6,13,Sun,6,Jan,Afternoon,Weekend,Small Purchase
222,1/1/2023,2026-07-22T13:04:01.000Z,2,8,Hell's Kitchen,25,2.2,Coffee,Organic brewed coffee,Brazilian Sm,4.4,13,Sun,6,Jan,Afternoon,Weekend,Small Purchase
223,1/1/2023,2026-07-22T13:04:01.000Z,1,8,Hell's Kitchen,72,3.25,Bakery,Scone,Ginger Scone,3.25,13,Sun,6,Jan,Afternoon,Weekend,Small Purchase
224,1/1/2023,2026-07-22T13:04:22.000Z,2,8,Hell's Kitchen,42,2.5,Tea,Brewed herbal tea,Lemon Grass Rg,5,13,Sun,6,Jan,Afternoon,Weekend,Small Purchase
225,1/1/2023,2026-07-22T13:04:37.000Z,2,8,Hell's Kitchen,54,2.5,Tea,Brewed Chai tea,Morning Sunrise Chai Rg,5,13,Sun,6,Jan,Afternoon,Weekend,Small Purchase
226,1/1/2023,2026-07-22T13:04:51.000Z,1,3,Astoria,22,2,Coffee,Drip coffee,Our Old Time Diner Blend Sm,2,13,Sun,6,Jan,Afternoon,Weekend,Small Purchase
227,1/1/2023,2026-07-22T13:05:56.000Z,1,3,Astoria,58,3.5,Drinking Chocolate,Hot chocolate,Dark chocolate Rg,3.5,13,Sun,6,Jan,Afternoon,Weekend,Small Purchase
228,1/1/2023,2026-07-22T13:07:37.000Z,2,5,Lower Manhattan,24,3,Coffee,Drip coffee,Our Old Time Diner Blend Lg,6,13,Sun,6,Jan,Afternoon,Weekend,Small Purchase
229,1/1/2023,2026-07-22T13:09:03.000Z,1,3,Astoria,35,3.1,Coffee,Premium brewed coffee,Jamaican Coffee River Rg,3.1,13,Sun,6,Jan,Afternoon,Weekend,Small Purchase
230,1/1/2023,2026-07-22T13:12:03.000Z,2,5,Lower Manhattan,30,3,Coffee,Gourmet brewed coffee,Columbian Medium Roast Lg,6,13,Sun,6,Jan,Afternoon,Weekend,Small Purchase
231,1/1/2023,2026-07-22T13:13:09.000Z,1,5,Lower Manhattan,60,3.75,Drinking Chocolate,Hot chocolate,Sustainably Grown Organic Rg,3.75,13,Sun,6,Jan,Afternoon,Weekend,Small Purchase
232,1/1/2023,2026-07-22T13:17:30.000Z,1,8,Hell's Kitchen,56,2.55,Tea,Brewed Chai tea,Spicy Eye Opener Chai Rg,2.55,13,Sun,6,Jan,Afternoon,Weekend,Small Purchase
233,1/1/2023,2026-07-22T13:17:32.000Z,2,3,Astoria,55,4,Tea,Brewed Chai tea,Morning Sunrise Chai Lg,8,13,Sun,6,Jan,Afternoon,Weekend,Small Purchase
234,1/1/2023,2026-07-22T13:18:34.000Z,2,8,Hell's Kitchen,49,3,Tea,Brewed Black tea,English Breakfast Lg,6,13,Sun,6,Jan,Afternoon,Weekend,Small Purchase
235,1/1/2023,2026-07-22T13:19:09.000Z,1,8,Hell's Kitchen,55,4,Tea,Brewed Chai tea,Morning Sunrise Chai Lg,4,13,Sun,6,Jan,Afternoon,Weekend,Small Purchase
236,1/1/2023,2026-07-22T13:19:09.000Z,1,8,Hell's Kitchen,75,3.5,Bakery,Pastry,Croissant,3.5,13,Sun,6,Jan,Afternoon,Weekend,Small Purchase
237,1/1/2023,2026-07-22T13:19:36.000Z,1,3,Astoria,23,2.5,Coffee,Drip coffee,Our Old Time Diner Blend Rg,2.5,13,Sun,6,Jan,Afternoon,Weekend,Small Purchase
238,1/1/2023,2026-07-22T13:19:56.000Z,2,8,Hell's Kitchen,31,2.2,Coffee,Gourmet brewed coffee,Ethiopia Sm,4.4,13,Sun,6,Jan,Afternoon,Weekend,Small Purchase
239,1/1/2023,2026-07-22T13:20:51.000Z,2,3,Astoria,35,3.1,Coffee,Premium brewed coffee,Jamaican Coffee River Rg,6.2,13,Sun,6,Jan,Afternoon,Weekend,Small Purchase
240,1/1/2023,2026-07-22T13:21:23.000Z,2,3,Astoria,38,3.75,Coffee,Barista Espresso,Latte,7.5,13,Sun,6,Jan,Afternoon,Weekend,Small Purchase
241,1/1/2023,2026-07-22T13:22:11.000Z,1,5,Lower Manhattan,23,2.5,Coffee,Drip coffee,Our Old Time Diner Blend Rg,2.5,13,Sun,6,Jan,Afternoon,Weekend,Small Purchase
242,1/1/2023,2026-07-22T13:22:45.000Z,2,3,Astoria,46,2.5,Tea,Brewed Green tea,Serenity Green Tea Rg,5,13,Sun,6,Jan,Afternoon,Weekend,Small Purchase
243,1/1/2023,2026-07-22T13:23:54.000Z,2,3,Astoria,58,3.5,Drinking Chocolate,Hot chocolate,Dark chocolate Rg,7,13,Sun,6,Jan,Afternoon,Weekend,Small Purchase
244,1/1/2023,2026-07-22T13:24:29.000Z,2,5,Lower Manhattan,60,3.75,Drinking Chocolate,Hot chocolate,Sustainably Grown Organic Rg,7.5,13,Sun,6,Jan,Afternoon,Weekend,Small Purchase
245,1/1/2023,2026-07-22T13:30:49.000Z,2,5,Lower Manhattan,31,2.2,Coffee,Gourmet brewed coffee,Ethiopia Sm,4.4,13,Sun,6,Jan,Afternoon,Weekend,Small Purchase
246,1/1/2023,2026-07-22T13:32:07.000Z,2,5,Lower Manhattan,25,2.2,Coffee,Organic brewed coffee,Brazilian Sm,4.4,13,Sun,6,Jan,Afternoon,Weekend,Small Purchase
247,1/1/2023,2026-07-22T13:32:34.000Z,1,5,Lower Manhattan,87,3,Coffee,Barista Espresso,Ouro Brasileiro shot,3,13,Sun,6,Jan,Afternoon,Weekend,Small Purchase
248,1/1/2023,2026-07-22T13:34:12.000Z,2,3,Astoria,28,2,Coffee,Gourmet brewed coffee,Columbian Medium Roast Sm,4,13,Sun,6,Jan,Afternoon,Weekend,Small Purchase
249,1/1/2023,2026-07-22T13:38:09.000Z,1,8,Hell's Kitchen,27,3.5,Coffee,Organic brewed coffee,Brazilian Lg,3.5,13,Sun,6,Jan,Afternoon,Weekend,Small Purchase
250,1/1/2023,2026-07-22T13:38:11.000Z,2,8,Hell's Kitchen,40,3.75,Coffee,Barista Espresso,Cappuccino,7.5,13,Sun,6,Jan,Afternoon,Weekend,Small Purchase
251,1/1/2023,2026-07-22T13:39:41.000Z,1,5,Lower Manhattan,51,3,Tea,Brewed Black tea,Earl Grey Lg,3,13,Sun,6,Jan,Afternoon,Weekend,Small Purchase
252,1/1/2023,2026-07-22T13:40:47.000Z,2,3,Astoria,54,2.5,Tea,Brewed Chai tea,Morning Sunrise Chai Rg,5,13,Sun,6,Jan,Afternoon,Weekend,Small Purchase
253,1/1/2023,2026-07-22T13:41:09.000Z,2,3,Astoria,42,2.5,Tea,Brewed herbal tea,Lemon Grass Rg,5,13,Sun,6,Jan,Afternoon,Weekend,Small Purchase
254,1/1/2023,2026-07-22T13:42:10.000Z,1,3,Astoria,43,3,Tea,Brewed herbal tea,Lemon Grass Lg,3,13,Sun,6,Jan,Afternoon,Weekend,Small Purchase
255,1/1/2023,2026-07-22T13:42:49.000Z,1,5,Lower Manhattan,36,3.75,Coffee,Premium brewed coffee,Jamaican Coffee River Lg,3.75,13,Sun,6,Jan,Afternoon,Weekend,Small Purchase
256,1/1/2023,2026-07-22T13:42:58.000Z,1,5,Lower Manhattan,52,2.5,Tea,Brewed Chai tea,Traditional Blend Chai Rg,2.5,13,Sun,6,Jan,Afternoon,Weekend,Small Purchase
257,1/1/2023,2026-07-22T13:42:58.000Z,1,5,Lower Manhattan,72,3.25,Bakery,Scone,Ginger Scone,3.25,13,Sun,6,Jan,Afternoon,Weekend,Small Purchase
258,1/1/2023,2026-07-22T13:43:18.000Z,2,3,Astoria,54,2.5,Tea,Brewed Chai tea,Morning Sunrise Chai Rg,5,13,Sun,6,Jan,Afternoon,Weekend,Small Purchase
259,1/1/2023,2026-07-22T13:43:18.000Z,1,3,Astoria,69,3.25,Bakery,Biscotti,Hazelnut Biscotti,3.25,13,Sun,6,Jan,Afternoon,Weekend,Small Purchase
260,1/1/2023,2026-07-22T13:43:41.000Z,2,5,Lower Manhattan,25,2.2,Coffee,Organic brewed coffee,Brazilian Sm,4.4,13,Sun,6,Jan,Afternoon,Weekend,Small Purchase
261,1/1/2023,2026-07-22T13:44:26.000Z,1,3,Astoria,57,3.1,Tea,Brewed Chai tea,Spicy Eye Opener Chai Lg,3.1,13,Sun,6,Jan,Afternoon,Weekend,Small Purchase
262,1/1/2023,2026-07-22T13:47:51.000Z,1,8,Hell's Kitchen,40,3.75,Coffee,Barista Espresso,Cappuccino,3.75,13,Sun,6,Jan,Afternoon,Weekend,Small Purchase
263,1/1/2023,2026-07-22T13:49:03.000Z,2,8,Hell's Kitchen,22,2,Coffee,Drip coffee,Our Old Time Diner Blend Sm,4,13,Sun,6,Jan,Afternoon,Weekend,Small Purchase
264,1/1/2023,2026-07-22T13:50:09.000Z,1,5,Lower Manhattan,53,3,Tea,Brewed Chai tea,Traditional Blend Chai Lg,3,13,Sun,6,Jan,Afternoon,Weekend,Small Purchase
265,1/1/2023,2026-07-22T13:50:47.000Z,2,8,Hell's Kitchen,54,2.5,Tea,Brewed Chai tea,Morning Sunrise Chai Rg,5,13,Sun,6,Jan,Afternoon,Weekend,Small Purchase
266,1/1/2023,2026-07-22T13:51:56.000Z,2,8,Hell's Kitchen,32,3,Coffee,Gourmet brewed coffee,Ethiopia Rg,6,13,Sun,6,Jan,Afternoon,Weekend,Small Purchase
267,1/1/2023,2026-07-22T13:53:04.000Z,2,3,Astoria,38,3.75,Coffee,Barista Espresso,Latte,7.5,13,Sun,6,Jan,Afternoon,Weekend,Small Purchase
268,1/1/2023,2026-07-22T13:53:31.000Z,1,8,Hell's Kitchen,33,3.5,Coffee,Gourmet brewed coffee,Ethiopia Lg,3.5,13,Sun,6,Jan,Afternoon,Weekend,Small Purchase
269,1/1/2023,2026-07-22T13:54:18.000Z,2,8,Hell's Kitchen,22,2,Coffee,Drip coffee,Our Old Time Diner Blend Sm,4,13,Sun,6,Jan,Afternoon,Weekend,Small Purchase
270,1/1/2023,2026-07-22T13:55:04.000Z,1,5,Lower Manhattan,42,2.5,Tea,Brewed herbal tea,Lemon Grass Rg,2.5,13,Sun,6,Jan,Afternoon,Weekend,Small Purchase
271,1/1/2023,2026-07-22T13:55:50.000Z,2,8,Hell's Kitchen,45,3,Tea,Brewed herbal tea,Peppermint Lg,6,13,Sun,6,Jan,Afternoon,Weekend,Small Purchase
272,1/1/2023,2026-07-22T13:56:15.000Z,2,8,Hell's Kitchen,48,2.5,Tea,Brewed Black tea,English Breakfast Rg,5,13,Sun,6,Jan,Afternoon,Weekend,Small Purchase
273,1/1/2023,2026-07-22T13:56:24.000Z,1,8,Hell's Kitchen,53,3,Tea,Brewed Chai tea,Traditional Blend Chai Lg,3,13,Sun,6,Jan,Afternoon,Weekend,Small Purchase
274,1/1/2023,2026-07-22T13:57:34.000Z,2,5,Lower Manhattan,27,3.5,Coffee,Organic brewed coffee,Brazilian Lg,7,13,Sun,6,Jan,Afternoon,Weekend,Small Purchase
275,1/1/2023,2026-07-22T13:57:34.000Z,1,5,Lower Manhattan,71,3.75,Bakery,Pastry,Chocolate Croissant,3.75,13,Sun,6,Jan,Afternoon,Weekend,Small Purchase
276,1/1/2023,2026-07-22T13:58:10.000Z,2,3,Astoria,46,2.5,Tea,Brewed Green tea,Serenity Green Tea Rg,5,13,Sun,6,Jan,Afternoon,Weekend,Small Purchase
277,1/1/2023,2026-07-22T13:58:11.000Z,1,5,Lower Manhattan,34,2.45,Coffee,Premium brewed coffee,Jamaican Coffee River Sm,2.45,13,Sun,6,Jan,Afternoon,Weekend,Small Purchase
278,1/1/2023,2026-07-22T13:59:58.000Z,2,5,Lower Manhattan,39,4.25,Coffee,Barista Espresso,Latte Rg,8.5,13,Sun,6,Jan,Afternoon,Weekend,Small Purchase
279,1/1/2023,2026-07-22T14:03:34.000Z,2,5,Lower Manhattan,25,2.2,Coffee,Organic brewed coffee,Brazilian Sm,4.4,14,Sun,6,Jan,Afternoon,Weekend,Small Purchase
280,1/1/2023,2026-07-22T14:03:34.000Z,1,5,Lower Manhattan,69,3.25,Bakery,Biscotti,Hazelnut Biscotti,3.25,14,Sun,6,Jan,Afternoon,Weekend,Small Purchase
281,1/1/2023,2026-07-22T14:03:41.000Z,1,3,Astoria,32,3,Coffee,Gourmet brewed coffee,Ethiopia Rg,3,14,Sun,6,Jan,Afternoon,Weekend,Small Purchase
282,1/1/2023,2026-07-22T14:07:12.000Z,2,3,Astoria,41,4.25,Coffee,Barista Espresso,Cappuccino Lg,8.5,14,Sun,6,Jan,Afternoon,Weekend,Small Purchase
283,1/1/2023,2026-07-22T14:07:56.000Z,1,3,Astoria,23,2.5,Coffee,Drip coffee,Our Old Time Diner Blend Rg,2.5,14,Sun,6,Jan,Afternoon,Weekend,Small Purchase
284,1/1/2023,2026-07-22T14:08:03.000Z,1,8,Hell's Kitchen,24,3,Coffee,Drip coffee,Our Old Time Diner Blend Lg,3,14,Sun,6,Jan,Afternoon,Weekend,Small Purchase
285,1/1/2023,2026-07-22T14:08:03.000Z,1,8,Hell's Kitchen,71,3.75,Bakery,Pastry,Chocolate Croissant,3.75,14,Sun,6,Jan,Afternoon,Weekend,Small Purchase
286,1/1/2023,2026-07-22T14:11:14.000Z,2,8,Hell's Kitchen,60,3.75,Drinking Chocolate,Hot chocolate,Sustainably Grown Organic Rg,7.5,14,Sun,6,Jan,Afternoon,Weekend,Small Purchase
287,1/1/2023,2026-07-22T14:13:28.000Z,2,5,Lower Manhattan,57,3.1,Tea,Brewed Chai tea,Spicy Eye Opener Chai Lg,6.2,14,Sun,6,Jan,Afternoon,Weekend,Small Purchase
288,1/1/2023,2026-07-22T14:19:57.000Z,2,5,Lower Manhattan,23,2.5,Coffee,Drip coffee,Our Old Time Diner Blend Rg,5,14,Sun,6,Jan,Afternoon,Weekend,Small Purchase
289,1/1/2023,2026-07-22T14:20:06.000Z,2,3,Astoria,35,3.1,Coffee,Premium brewed coffee,Jamaican Coffee River Rg,6.2,14,Sun,6,Jan,Afternoon,Weekend,Small Purchase
290,1/1/2023,2026-07-22T14:20:08.000Z,2,3,Astoria,42,2.5,Tea,Brewed herbal tea,Lemon Grass Rg,5,14,Sun,6,Jan,Afternoon,Weekend,Small Purchase
291,1/1/2023,2026-07-22T14:22:01.000Z,2,8,Hell's Kitchen,49,3,Tea,Brewed Black tea,English Breakfast Lg,6,14,Sun,6,Jan,Afternoon,Weekend,Small Purchase
292,1/1/2023,2026-07-22T14:22:38.000Z,2,5,Lower Manhattan,39,4.25,Coffee,Barista Espresso,Latte Rg,8.5,14,Sun,6,Jan,Afternoon,Weekend,Small Purchase
293,1/1/2023,2026-07-22T14:23:28.000Z,1,8,Hell's Kitchen,55,4,Tea,Brewed Chai tea,Morning Sunrise Chai Lg,4,14,Sun,6,Jan,Afternoon,Weekend,Small Purchase
294,1/1/2023,2026-07-22T14:23:28.000Z,1,8,Hell's Kitchen,71,3.75,Bakery,Pastry,Chocolate Croissant,3.75,14,Sun,6,Jan,Afternoon,Weekend,Small Purchase
295,1/1/2023,2026-07-22T14:24:55.000Z,2,3,Astoria,41,4.25,Coffee,Barista Espresso,Cappuccino Lg,8.5,14,Sun,6,Jan,Afternoon,Weekend,Small Purchase
296,1/1/2023,2026-07-22T14:24:55.000Z,1,3,Astoria,79,3.75,Bakery,Scone,Jumbo Savory Scone,3.75,14,Sun,6,Jan,Afternoon,Weekend,Small Purchase
297,1/1/2023,2026-07-22T14:25:32.000Z,2,3,Astoria,58,3.5,Drinking Chocolate,Hot chocolate,Dark chocolate Rg,7,14,Sun,6,Jan,Afternoon,Weekend,Small Purchase
298,1/1/2023,2026-07-22T14:25:39.000Z,2,5,Lower Manhattan,24,3,Coffee,Drip coffee,Our Old Time Diner Blend Lg,6,14,Sun,6,Jan,Afternoon,Weekend,Small Purchase
299,1/1/2023,2026-07-22T14:26:36.000Z,1,8,Hell's Kitchen,61,4.75,Drinking Chocolate,Hot chocolate,Sustainably Grown Organic Lg,4.75,14,Sun,6,Jan,Afternoon,Weekend,Small Purchase
300,1/1/2023,2026-07-22T14:29:05.000Z,2,5,Lower Manhattan,45,3,Tea,Brewed herbal tea,Peppermint Lg,6,14,Sun,6,Jan,Afternoon,Weekend,Small Purchase
301,1/1/2023,2026-07-22T14:29:50.000Z,2,5,Lower Manhattan,49,3,Tea,Brewed Black tea,English Breakfast Lg,6,14,Sun,6,Jan,Afternoon,Weekend,Small Purchase
302,1/1/2023,2026-07-22T14:29:50.000Z,1,5,Lower Manhattan,78,4.5,Bakery,Scone,Scottish Cream Scone ,4.5,14,Sun,6,Jan,Afternoon,Weekend,Small Purchase
303,1/1/2023,2026-07-22T14:30:51.000Z,1,8,Hell's Kitchen,48,2.5,Tea,Brewed Black tea,English Breakfast Rg,2.5,14,Sun,6,Jan,Afternoon,Weekend,Small Purchase
304,1/1/2023,2026-07-22T14:30:58.000Z,1,5,Lower Manhattan,57,3.1,Tea,Brewed Chai tea,Spicy Eye Opener Chai Lg,3.1,14,Sun,6,Jan,Afternoon,Weekend,Small Purchase
305,1/1/2023,2026-07-22T14:31:26.000Z,1,5,Lower Manhattan,42,2.5,Tea,Brewed herbal tea,Lemon Grass Rg,2.5,14,Sun,6,Jan,Afternoon,Weekend,Small Purchase
306,1/1/2023,2026-07-22T14:32:20.000Z,2,8,Hell's Kitchen,30,3,Coffee,Gourmet brewed coffee,Columbian Medium Roast Lg,6,14,Sun,6,Jan,Afternoon,Weekend,Small Purchase
307,1/1/2023,2026-07-22T14:32:42.000Z,2,5,Lower Manhattan,41,4.25,Coffee,Barista Espresso,Cappuccino Lg,8.5,14,Sun,6,Jan,Afternoon,Weekend,Small Purchase
308,1/1/2023,2026-07-22T14:32:54.000Z,2,8,Hell's Kitchen,39,4.25,Coffee,Barista Espresso,Latte Rg,8.5,14,Sun,6,Jan,Afternoon,Weekend,Small Purchase
309,1/1/2023,2026-07-22T14:35:47.000Z,1,3,Astoria,55,4,Tea,Brewed Chai tea,Morning Sunrise Chai Lg,4,14,Sun,6,Jan,Afternoon,Weekend,Small Purchase
310,1/1/2023,2026-07-22T14:36:23.000Z,2,3,Astoria,30,3,Coffee,Gourmet brewed coffee,Columbian Medium Roast Lg,6,14,Sun,6,Jan,Afternoon,Weekend,Small Purchase
311,1/1/2023,2026-07-22T14:36:35.000Z,1,5,Lower Manhattan,57,3.1,Tea,Brewed Chai tea,Spicy Eye Opener Chai Lg,3.1,14,Sun,6,Jan,Afternoon,Weekend,Small Purchase
312,1/1/2023,2026-07-22T14:37:48.000Z,1,5,Lower Manhattan,44,2.5,Tea,Brewed herbal tea,Peppermint Rg,2.5,14,Sun,6,Jan,Afternoon,Weekend,Small Purchase
313,1/1/2023,2026-07-22T14:39:06.000Z,1,5,Lower Manhattan,87,3,Coffee,Barista Espresso,Ouro Brasileiro shot,3,14,Sun,6,Jan,Afternoon,Weekend,Small Purchase
314,1/1/2023,2026-07-22T14:39:48.000Z,2,8,Hell's Kitchen,34,2.45,Coffee,Premium brewed coffee,Jamaican Coffee River Sm,4.9,14,Sun,6,Jan,Afternoon,Weekend,Small Purchase
315,1/1/2023,2026-07-22T14:42:39.000Z,2,5,Lower Manhattan,61,4.75,Drinking Chocolate,Hot chocolate,Sustainably Grown Organic Lg,9.5,14,Sun,6,Jan,Afternoon,Weekend,Small Purchase
316,1/1/2023,2026-07-22T14:43:13.000Z,2,3,Astoria,50,2.5,Tea,Brewed Black tea,Earl Grey Rg,5,14,Sun,6,Jan,Afternoon,Weekend,Small Purchase
317,1/1/2023,2026-07-22T14:45:31.000Z,1,3,Astoria,47,3,Tea,Brewed Green tea,Serenity Green Tea Lg,3,14,Sun,6,Jan,Afternoon,Weekend,Small Purchase
318,1/1/2023,2026-07-22T14:46:09.000Z,1,8,Hell's Kitchen,48,2.5,Tea,Brewed Black tea,English Breakfast Rg,2.5,14,Sun,6,Jan,Afternoon,Weekend,Small Purchase
319,1/1/2023,2026-07-22T14:47:29.000Z,1,8,Hell's Kitchen,24,3,Coffee,Drip coffee,Our Old Time Diner Blend Lg,3,14,Sun,6,Jan,Afternoon,Weekend,Small Purchase
320,1/1/2023,2026-07-22T14:47:29.000Z,1,8,Hell's Kitchen,75,3.5,Bakery,Pastry,Croissant,3.5,14,Sun,6,Jan,Afternoon,Weekend,Small Purchase
321,1/1/2023,2026-07-22T14:49:49.000Z,2,8,Hell's Kitchen,51,3,Tea,Brewed Black tea,Earl Grey Lg,6,14,Sun,6,Jan,Afternoon,Weekend,Small Purchase
322,1/1/2023,2026-07-22T14:51:19.000Z,2,5,Lower Manhattan,43,3,Tea,Brewed herbal tea,Lemon Grass Lg,6,14,Sun,6,Jan,Afternoon,Weekend,Small Purchase
323,1/1/2023,2026-07-22T14:55:34.000Z,2,3,Astoria,34,2.45,Coffee,Premium brewed coffee,Jamaican Coffee River Sm,4.9,14,Sun,6,Jan,Afternoon,Weekend,Small Purchase
324,1/1/2023,2026-07-22T14:58:07.000Z,2,8,Hell's Kitchen,30,3,Coffee,Gourmet brewed coffee,Columbian Medium Roast Lg,6,14,Sun,6,Jan,Afternoon,Weekend,Small Purchase
325,1/1/2023,2026-07-22T14:58:35.000Z,1,3,Astoria,43,3,Tea,Brewed herbal tea,Lemon Grass Lg,3,14,Sun,6,Jan,Afternoon,Weekend,Small Purchase
326,1/1/2023,2026-07-22T15:02:04.000Z,2,3,Astoria,39,4.25,Coffee,Barista Espresso,Latte Rg,8.5,15,Sun,6,Jan,Afternoon,Weekend,Small Purchase
327,1/1/2023,2026-07-22T15:02:28.000Z,1,8,Hell's Kitchen,38,3.75,Coffee,Barista Espresso,Latte,3.75,15,Sun,6,Jan,Afternoon,Weekend,Small Purchase
328,1/1/2023,2026-07-22T15:06:27.000Z,2,5,Lower Manhattan,25,2.2,Coffee,Organic brewed coffee,Brazilian Sm,4.4,15,Sun,6,Jan,Afternoon,Weekend,Small Purchase
329,1/1/2023,2026-07-22T15:08:28.000Z,2,3,Astoria,43,3,Tea,Brewed herbal tea,Lemon Grass Lg,6,15,Sun,6,Jan,Afternoon,Weekend,Small Purchase
330,1/1/2023,2026-07-22T15:09:37.000Z,1,3,Astoria,22,2,Coffee,Drip coffee,Our Old Time Diner Blend Sm,2,15,Sun,6,Jan,Afternoon,Weekend,Small Purchase
331,1/1/2023,2026-07-22T15:09:54.000Z,1,8,Hell's Kitchen,61,4.75,Drinking Chocolate,Hot chocolate,Sustainably Grown Organic Lg,4.75,15,Sun,6,Jan,Afternoon,Weekend,Small Purchase
332,1/1/2023,2026-07-22T15:10:10.000Z,1,5,Lower Manhattan,40,3.75,Coffee,Barista Espresso,Cappuccino,3.75,15,Sun,6,Jan,Afternoon,Weekend,Small Purchase
333,1/1/2023,2026-07-22T15:10:10.000Z,1,5,Lower Manhattan,75,3.5,Bakery,Pastry,Croissant,3.5,15,Sun,6,Jan,Afternoon,Weekend,Small Purchase
334,1/1/2023,2026-07-22T15:12:22.000Z,1,3,Astoria,24,3,Coffee,Drip coffee,Our Old Time Diner Blend Lg,3,15,Sun,6,Jan,Afternoon,Weekend,Small Purchase
335,1/1/2023,2026-07-22T15:12:54.000Z,2,3,Astoria,52,2.5,Tea,Brewed Chai tea,Traditional Blend Chai Rg,5,15,Sun,6,Jan,Afternoon,Weekend,Small Purchase
336,1/1/2023,2026-07-22T15:14:19.000Z,2,3,Astoria,26,3,Coffee,Organic brewed coffee,Brazilian Rg,6,15,Sun,6,Jan,Afternoon,Weekend,Small Purchase
337,1/1/2023,2026-07-22T15:16:37.000Z,2,5,Lower Manhattan,38,3.75,Coffee,Barista Espresso,Latte,7.5,15,Sun,6,Jan,Afternoon,Weekend,Small Purchase
338,1/1/2023,2026-07-22T15:18:56.000Z,1,3,Astoria,61,4.75,Drinking Chocolate,Hot chocolate,Sustainably Grown Organic Lg,4.75,15,Sun,6,Jan,Afternoon,Weekend,Small Purchase
339,1/1/2023,2026-07-22T15:19:34.000Z,1,3,Astoria,29,2.5,Coffee,Gourmet brewed coffee,Columbian Medium Roast Rg,2.5,15,Sun,6,Jan,Afternoon,Weekend,Small Purchase
340,1/1/2023,2026-07-22T15:21:05.000Z,2,8,Hell's Kitchen,30,3,Coffee,Gourmet brewed coffee,Columbian Medium Roast Lg,6,15,Sun,6,Jan,Afternoon,Weekend,Small Purchase
341,1/1/2023,2026-07-22T15:22:11.000Z,2,3,Astoria,39,4.25,Coffee,Barista Espresso,Latte Rg,8.5,15,Sun,6,Jan,Afternoon,Weekend,Small Purchase
342,1/1/2023,2026-07-22T15:24:01.000Z,1,8,Hell's Kitchen,26,3,Coffee,Organic brewed coffee,Brazilian Rg,3,15,Sun,6,Jan,Afternoon,Weekend,Small Purchase
343,1/1/2023,2026-07-22T15:25:09.000Z,2,5,Lower Manhattan,50,2.5,Tea,Brewed Black tea,Earl Grey Rg,5,15,Sun,6,Jan,Afternoon,Weekend,Small Purchase
344,1/1/2023,2026-07-22T15:27:11.000Z,2,3,Astoria,58,3.5,Drinking Chocolate,Hot chocolate,Dark chocolate Rg,7,15,Sun,6,Jan,Afternoon,Weekend,Small Purchase
345,1/1/2023,2026-07-22T15:28:29.000Z,1,3,Astoria,58,3.5,Drinking Chocolate,Hot chocolate,Dark chocolate Rg,3.5,15,Sun,6,Jan,Afternoon,Weekend,Small Purchase
346,1/1/2023,2026-07-22T15:28:54.000Z,1,5,Lower Manhattan,43,3,Tea,Brewed herbal tea,Lemon Grass Lg,3,15,Sun,6,Jan,Afternoon,Weekend,Small Purchase
347,1/1/2023,2026-07-22T15:29:24.000Z,1,3,Astoria,57,3.1,Tea,Brewed Chai tea,Spicy Eye Opener Chai Lg,3.1,15,Sun,6,Jan,Afternoon,Weekend,Small Purchase
348,1/1/2023,2026-07-22T15:29:24.000Z,1,3,Astoria,70,3.25,Bakery,Scone,Cranberry Scone,3.25,15,Sun,6,Jan,Afternoon,Weekend,Small Purchase
349,1/1/2023,2026-07-22T15:30:16.000Z,1,3,Astoria,43,3,Tea,Brewed herbal tea,Lemon Grass Lg,3,15,Sun,6,Jan,Afternoon,Weekend,Small Purchase
350,1/1/2023,2026-07-22T15:30:27.000Z,2,3,Astoria,31,2.2,Coffee,Gourmet brewed coffee,Ethiopia Sm,4.4,15,Sun,6,Jan,Afternoon,Weekend,Small Purchase
351,1/1/2023,2026-07-22T15:30:58.000Z,1,5,Lower Manhattan,34,2.45,Coffee,Premium brewed coffee,Jamaican Coffee River Sm,2.45,15,Sun,6,Jan,Afternoon,Weekend,Small Purchase
352,1/1/2023,2026-07-22T15:30:58.000Z,2,8,Hell's Kitchen,29,2.5,Coffee,Gourmet brewed coffee,Columbian Medium Roast Rg,5,15,Sun,6,Jan,Afternoon,Weekend,Small Purchase
353,1/1/2023,2026-07-22T15:33:36.000Z,2,5,Lower Manhattan,28,2,Coffee,Gourmet brewed coffee,Columbian Medium Roast Sm,4,15,Sun,6,Jan,Afternoon,Weekend,Small Purchase
354,1/1/2023,2026-07-22T15:33:36.000Z,1,5,Lower Manhattan,74,3.5,Bakery,Biscotti,Ginger Biscotti,3.5,15,Sun,6,Jan,Afternoon,Weekend,Small Purchase
355,1/1/2023,2026-07-22T15:34:10.000Z,2,3,Astoria,41,4.25,Coffee,Barista Espresso,Cappuccino Lg,8.5,15,Sun,6,Jan,Afternoon,Weekend,Small Purchase
356,1/1/2023,2026-07-22T15:34:10.000Z,1,3,Astoria,76,3.5,Bakery,Biscotti,Chocolate Chip Biscotti,3.5,15,Sun,6,Jan,Afternoon,Weekend,Small Purchase
357,1/1/2023,2026-07-22T15:36:59.000Z,2,5,Lower Manhattan,37,3,Coffee,Barista Espresso,Espresso shot,6,15,Sun,6,Jan,Afternoon,Weekend,Small Purchase
358,1/1/2023,2026-07-22T15:39:44.000Z,1,8,Hell's Kitchen,44,2.5,Tea,Brewed herbal tea,Peppermint Rg,2.5,15,Sun,6,Jan,Afternoon,Weekend,Small Purchase
359,1/1/2023,2026-07-22T15:42:20.000Z,1,3,Astoria,36,3.75,Coffee,Premium brewed coffee,Jamaican Coffee River Lg,3.75,15,Sun,6,Jan,Afternoon,Weekend,Small Purchase
360,1/1/2023,2026-07-22T15:45:16.000Z,2,3,Astoria,46,2.5,Tea,Brewed Green tea,Serenity Green Tea Rg,5,15,Sun,6,Jan,Afternoon,Weekend,Small Purchase
361,1/1/2023,2026-07-22T15:46:34.000Z,2,5,Lower Manhattan,40,3.75,Coffee,Barista Espresso,Cappuccino,7.5,15,Sun,6,Jan,Afternoon,Weekend,Small Purchase
362,1/1/2023,2026-07-22T15:51:15.000Z,2,8,Hell's Kitchen,35,3.1,Coffee,Premium brewed coffee,Jamaican Coffee River Rg,6.2,15,Sun,6,Jan,Afternoon,Weekend,Small Purchase
363,1/1/2023,2026-07-22T15:52:23.000Z,2,5,Lower Manhattan,39,4.25,Coffee,Barista Espresso,Latte Rg,8.5,15,Sun,6,Jan,Afternoon,Weekend,Small Purchase
364,1/1/2023,2026-07-22T15:52:23.000Z,1,5,Lower Manhattan,69,3.25,Bakery,Biscotti,Hazelnut Biscotti,3.25,15,Sun,6,Jan,Afternoon,Weekend,Small Purchase
365,1/1/2023,2026-07-22T15:53:55.000Z,2,5,Lower Manhattan,33,3.5,Coffee,Gourmet brewed coffee,Ethiopia Lg,7,15,Sun,6,Jan,Afternoon,Weekend,Small Purchase
366,1/1/2023,2026-07-22T15:55:45.000Z,1,8,Hell's Kitchen,24,3,Coffee,Drip coffee,Our Old Time Diner Blend Lg,3,15,Sun,6,Jan,Afternoon,Weekend,Small Purchase
367,1/1/2023,2026-07-22T15:55:50.000Z,2,3,Astoria,31,2.2,Coffee,Gourmet brewed coffee,Ethiopia Sm,4.4,15,Sun,6,Jan,Afternoon,Weekend,Small Purchase
368,1/1/2023,2026-07-22T15:58:55.000Z,1,8,Hell's Kitchen,48,2.5,Tea,Brewed Black tea,English Breakfast Rg,2.5,15,Sun,6,Jan,Afternoon,Weekend,Small Purchase
369,1/1/2023,2026-07-22T16:00:23.000Z,1,8,Hell's Kitchen,38,3.75,Coffee,Barista Espresso,Latte,3.75,16,Sun,6,Jan,Afternoon,Weekend,Small Purchase
370,1/1/2023,2026-07-22T16:02:07.000Z,1,8,Hell's Kitchen,41,4.25,Coffee,Barista Espresso,Cappuccino Lg,4.25,16,Sun,6,Jan,Afternoon,Weekend,Small Purchase
371,1/1/2023,2026-07-22T16:03:30.000Z,2,3,Astoria,34,2.45,Coffee,Premium brewed coffee,Jamaican Coffee River Sm,4.9,16,Sun,6,Jan,Afternoon,Weekend,Small Purchase
372,1/1/2023,2026-07-22T16:03:54.000Z,1,8,Hell's Kitchen,46,2.5,Tea,Brewed Green tea,Serenity Green Tea Rg,2.5,16,Sun,6,Jan,Afternoon,Weekend,Small Purchase
373,1/1/2023,2026-07-22T16:04:10.000Z,2,3,Astoria,42,2.5,Tea,Brewed herbal tea,Lemon Grass Rg,5,16,Sun,6,Jan,Afternoon,Weekend,Small Purchase
374,1/1/2023,2026-07-22T16:06:04.000Z,2,3,Astoria,23,2.5,Coffee,Drip coffee,Our Old Time Diner Blend Rg,5,16,Sun,6,Jan,Afternoon,Weekend,Small Purchase
375,1/1/2023,2026-07-22T16:07:20.000Z,2,3,Astoria,23,2.5,Coffee,Drip coffee,Our Old Time Diner Blend Rg,5,16,Sun,6,Jan,Afternoon,Weekend,Small Purchase
376,1/1/2023,2026-07-22T16:08:59.000Z,2,3,Astoria,42,2.5,Tea,Brewed herbal tea,Lemon Grass Rg,5,16,Sun,6,Jan,Afternoon,Weekend,Small Purchase
377,1/1/2023,2026-07-22T16:10:37.000Z,2,3,Astoria,42,2.5,Tea,Brewed herbal tea,Lemon Grass Rg,5,16,Sun,6,Jan,Afternoon,Weekend,Small Purchase
378,1/1/2023,2026-07-22T16:12:00.000Z,1,8,Hell's Kitchen,87,3,Coffee,Barista Espresso,Ouro Brasileiro shot,3,16,Sun,6,Jan,Afternoon,Weekend,Small Purchase
379,1/1/2023,2026-07-22T16:17:06.000Z,2,3,Astoria,34,2.45,Coffee,Premium brewed coffee,Jamaican Coffee River Sm,4.9,16,Sun,6,Jan,Afternoon,Weekend,Small Purchase
380,1/1/2023,2026-07-22T16:17:52.000Z,2,3,Astoria,29,2.5,Coffee,Gourmet brewed coffee,Columbian Medium Roast Rg,5,16,Sun,6,Jan,Afternoon,Weekend,Small Purchase
381,1/1/2023,2026-07-22T16:19:00.000Z,2,8,Hell's Kitchen,29,2.5,Coffee,Gourmet brewed coffee,Columbian Medium Roast Rg,5,16,Sun,6,Jan,Afternoon,Weekend,Small Purchase
382,1/1/2023,2026-07-22T16:19:17.000Z,1,3,Astoria,56,2.55,Tea,Brewed Chai tea,Spicy Eye Opener Chai Rg,2.55,16,Sun,6,Jan,Afternoon,Weekend,Small Purchase
383,1/1/2023,2026-07-22T16:19:26.000Z,2,5,Lower Manhattan,40,3.75,Coffee,Barista Espresso,Cappuccino,7.5,16,Sun,6,Jan,Afternoon,Weekend,Small Purchase
384,1/1/2023,2026-07-22T16:20:07.000Z,2,3,Astoria,36,3.75,Coffee,Premium brewed coffee,Jamaican Coffee River Lg,7.5,16,Sun,6,Jan,Afternoon,Weekend,Small Purchase
385,1/1/2023,2026-07-22T16:22:07.000Z,1,5,Lower Manhattan,22,2,Coffee,Drip coffee,Our Old Time Diner Blend Sm,2,16,Sun,6,Jan,Afternoon,Weekend,Small Purchase
386,1/1/2023,2026-07-22T16:22:38.000Z,1,3,Astoria,22,2,Coffee,Drip coffee,Our Old Time Diner Blend Sm,2,16,Sun,6,Jan,Afternoon,Weekend,Small Purchase
387,1/1/2023,2026-07-22T16:25:28.000Z,1,3,Astoria,44,2.5,Tea,Brewed herbal tea,Peppermint Rg,2.5,16,Sun,6,Jan,Afternoon,Weekend,Small Purchase
388,1/1/2023,2026-07-22T16:27:42.000Z,1,5,Lower Manhattan,56,2.55,Tea,Brewed Chai tea,Spicy Eye Opener Chai Rg,2.55,16,Sun,6,Jan,Afternoon,Weekend,Small Purchase
389,1/1/2023,2026-07-22T16:28:00.000Z,2,8,Hell's Kitchen,53,3,Tea,Brewed Chai tea,Traditional Blend Chai Lg,6,16,Sun,6,Jan,Afternoon,Weekend,Small Purchase
390,1/1/2023,2026-07-22T16:28:57.000Z,1,5,Lower Manhattan,42,2.5,Tea,Brewed herbal tea,Lemon Grass Rg,2.5,16,Sun,6,Jan,Afternoon,Weekend,Small Purchase
391,1/1/2023,2026-07-22T16:29:36.000Z,2,3,Astoria,27,3.5,Coffee,Organic brewed coffee,Brazilian Lg,7,16,Sun,6,Jan,Afternoon,Weekend,Small Purchase
392,1/1/2023,2026-07-22T16:30:12.000Z,1,3,Astoria,40,3.75,Coffee,Barista Espresso,Cappuccino,3.75,16,Sun,6,Jan,Afternoon,Weekend,Small Purchase
393,1/1/2023,2026-07-22T16:33:35.000Z,1,3,Astoria,35,3.1,Coffee,Premium brewed coffee,Jamaican Coffee River Rg,3.1,16,Sun,6,Jan,Afternoon,Weekend,Small Purchase
394,1/1/2023,2026-07-22T16:35:11.000Z,1,5,Lower Manhattan,28,2,Coffee,Gourmet brewed coffee,Columbian Medium Roast Sm,2,16,Sun,6,Jan,Afternoon,Weekend,Small Purchase
395,1/1/2023,2026-07-22T16:39:24.000Z,1,3,Astoria,36,3.75,Coffee,Premium brewed coffee,Jamaican Coffee River Lg,3.75,16,Sun,6,Jan,Afternoon,Weekend,Small Purchase
396,1/1/2023,2026-07-22T16:39:27.000Z,1,8,Hell's Kitchen,58,3.5,Drinking Chocolate,Hot chocolate,Dark chocolate Rg,3.5,16,Sun,6,Jan,Afternoon,Weekend,Small Purchase
397,1/1/2023,2026-07-22T16:40:18.000Z,1,3,Astoria,33,3.5,Coffee,Gourmet brewed coffee,Ethiopia Lg,3.5,16,Sun,6,Jan,Afternoon,Weekend,Small Purchase
398,1/1/2023,2026-07-22T16:40:19.000Z,1,5,Lower Manhattan,46,2.5,Tea,Brewed Green tea,Serenity Green Tea Rg,2.5,16,Sun,6,Jan,Afternoon,Weekend,Small Purchase
399,1/1/2023,2026-07-22T16:41:51.000Z,1,5,Lower Manhattan,23,2.5,Coffee,Drip coffee,Our Old Time Diner Blend Rg,2.5,16,Sun,6,Jan,Afternoon,Weekend,Small Purchase
400,1/1/2023,2026-07-22T16:43:33.000Z,2,8,Hell's Kitchen,50,2.5,Tea,Brewed Black tea,Earl Grey Rg,5,16,Sun,6,Jan,Afternoon,Weekend,Small Purchase
401,1/1/2023,2026-07-22T16:44:46.000Z,2,3,Astoria,54,2.5,Tea,Brewed Chai tea,Morning Sunrise Chai Rg,5,16,Sun,6,Jan,Afternoon,Weekend,Small Purchase
402,1/1/2023,2026-07-22T16:47:05.000Z,1,5,Lower Manhattan,44,2.5,Tea,Brewed herbal tea,Peppermint Rg,2.5,16,Sun,6,Jan,Afternoon,Weekend,Small Purchase
403,1/1/2023,2026-07-22T16:47:05.000Z,1,5,Lower Manhattan,72,3.25,Bakery,Scone,Ginger Scone,3.25,16,Sun,6,Jan,Afternoon,Weekend,Small Purchase
404,1/1/2023,2026-07-22T16:48:31.000Z,2,5,Lower Manhattan,44,2.5,Tea,Brewed herbal tea,Peppermint Rg,5,16,Sun,6,Jan,Afternoon,Weekend,Small Purchase
405,1/1/2023,2026-07-22T16:49:19.000Z,1,5,Lower Manhattan,53,3,Tea,Brewed Chai tea,Traditional Blend Chai Lg,3,16,Sun,6,Jan,Afternoon,Weekend,Small Purchase
406,1/1/2023,2026-07-22T16:49:19.000Z,1,5,Lower Manhattan,71,3.75,Bakery,Pastry,Chocolate Croissant,3.75,16,Sun,6,Jan,Afternoon,Weekend,Small Purchase
407,1/1/2023,2026-07-22T16:49:38.000Z,1,3,Astoria,52,2.5,Tea,Brewed Chai tea,Traditional Blend Chai Rg,2.5,16,Sun,6,Jan,Afternoon,Weekend,Small Purchase
408,1/1/2023,2026-07-22T16:52:13.000Z,2,8,Hell's Kitchen,42,2.5,Tea,Brewed herbal tea,Lemon Grass Rg,5,16,Sun,6,Jan,Afternoon,Weekend,Small Purchase
409,1/1/2023,2026-07-22T16:52:51.000Z,1,5,Lower Manhattan,50,2.5,Tea,Brewed Black tea,Earl Grey Rg,2.5,16,Sun,6,Jan,Afternoon,Weekend,Small Purchase
410,1/1/2023,2026-07-22T16:56:48.000Z,1,3,Astoria,28,2,Coffee,Gourmet brewed coffee,Columbian Medium Roast Sm,2,16,Sun,6,Jan,Afternoon,Weekend,Small Purchase
411,1/1/2023,2026-07-22T16:58:42.000Z,1,3,Astoria,58,3.5,Drinking Chocolate,Hot chocolate,Dark chocolate Rg,3.5,16,Sun,6,Jan,Afternoon,Weekend,Small Purchase
412,1/1/2023,2026-07-22T16:58:42.000Z,1,3,Astoria,69,3.25,Bakery,Biscotti,Hazelnut Biscotti,3.25,16,Sun,6,Jan,Afternoon,Weekend,Small Purchase
413,1/1/2023,2026-07-22T17:01:03.000Z,2,5,Lower Manhattan,36,3.75,Coffee,Premium brewed coffee,Jamaican Coffee River Lg,7.5,17,Sun,6,Jan,Afternoon,Weekend,Small Purchase
414,1/1/2023,2026-07-22T17:01:31.000Z,2,8,Hell's Kitchen,50,2.5,Tea,Brewed Black tea,Earl Grey Rg,5,17,Sun,6,Jan,Afternoon,Weekend,Small Purchase
415,1/1/2023,2026-07-22T17:03:21.000Z,1,3,Astoria,50,2.5,Tea,Brewed Black tea,Earl Grey Rg,2.5,17,Sun,6,Jan,Afternoon,Weekend,Small Purchase
416,1/1/2023,2026-07-22T17:05:44.000Z,2,3,Astoria,36,3.75,Coffee,Premium brewed coffee,Jamaican Coffee River Lg,7.5,17,Sun,6,Jan,Afternoon,Weekend,Small Purchase
417,1/1/2023,2026-07-22T17:09:18.000Z,2,8,Hell's Kitchen,47,3,Tea,Brewed Green tea,Serenity Green Tea Lg,6,17,Sun,6,Jan,Afternoon,Weekend,Small Purchase
418,1/1/2023,2026-07-22T17:10:34.000Z,1,3,Astoria,27,3.5,Coffee,Organic brewed coffee,Brazilian Lg,3.5,17,Sun,6,Jan,Afternoon,Weekend,Small Purchase
419,1/1/2023,2026-07-22T17:10:35.000Z,1,3,Astoria,59,4.5,Drinking Chocolate,Hot chocolate,Dark chocolate Lg,4.5,17,Sun,6,Jan,Afternoon,Weekend,Small Purchase
420,1/1/2023,2026-07-22T17:11:58.000Z,2,8,Hell's Kitchen,36,3.75,Coffee,Premium brewed coffee,Jamaican Coffee River Lg,7.5,17,Sun,6,Jan,Afternoon,Weekend,Small Purchase
421,1/1/2023,2026-07-22T17:13:17.000Z,2,5,Lower Manhattan,31,2.2,Coffee,Gourmet brewed coffee,Ethiopia Sm,4.4,17,Sun,6,Jan,Afternoon,Weekend,Small Purchase
422,1/1/2023,2026-07-22T17:16:17.000Z,1,8,Hell's Kitchen,35,3.1,Coffee,Premium brewed coffee,Jamaican Coffee River Rg,3.1,17,Sun,6,Jan,Afternoon,Weekend,Small Purchase
423,1/1/2023,2026-07-22T17:17:19.000Z,2,8,Hell's Kitchen,55,4,Tea,Brewed Chai tea,Morning Sunrise Chai Lg,8,17,Sun,6,Jan,Afternoon,Weekend,Small Purchase
424,1/1/2023,2026-07-22T17:17:22.000Z,1,8,Hell's Kitchen,31,2.2,Coffee,Gourmet brewed coffee,Ethiopia Sm,2.2,17,Sun,6,Jan,Afternoon,Weekend,Small Purchase
425,1/1/2023,2026-07-22T17:18:36.000Z,1,3,Astoria,29,2.5,Coffee,Gourmet brewed coffee,Columbian Medium Roast Rg,2.5,17,Sun,6,Jan,Afternoon,Weekend,Small Purchase
426,1/1/2023,2026-07-22T17:19:08.000Z,2,5,Lower Manhattan,34,2.45,Coffee,Premium brewed coffee,Jamaican Coffee River Sm,4.9,17,Sun,6,Jan,Afternoon,Weekend,Small Purchase
427,1/1/2023,2026-07-22T17:19:08.000Z,1,5,Lower Manhattan,75,3.5,Bakery,Pastry,Croissant,3.5,17,Sun,6,Jan,Afternoon,Weekend,Small Purchase
428,1/1/2023,2026-07-22T17:19:11.000Z,2,8,Hell's Kitchen,39,4.25,Coffee,Barista Espresso,Latte Rg,8.5,17,Sun,6,Jan,Afternoon,Weekend,Small Purchase
429,1/1/2023,2026-07-22T17:19:28.000Z,2,8,Hell's Kitchen,28,2,Coffee,Gourmet brewed coffee,Columbian Medium Roast Sm,4,17,Sun,6,Jan,Afternoon,Weekend,Small Purchase
430,1/1/2023,2026-07-22T17:19:49.000Z,2,8,Hell's Kitchen,87,3,Coffee,Barista Espresso,Ouro Brasileiro shot,6,17,Sun,6,Jan,Afternoon,Weekend,Small Purchase
431,1/1/2023,2026-07-22T17:19:49.000Z,1,8,Hell's Kitchen,78,4.5,Bakery,Scone,Scottish Cream Scone ,4.5,17,Sun,6,Jan,Afternoon,Weekend,Small Purchase
432,1/1/2023,2026-07-22T17:20:02.000Z,2,8,Hell's Kitchen,46,2.5,Tea,Brewed Green tea,Serenity Green Tea Rg,5,17,Sun,6,Jan,Afternoon,Weekend,Small Purchase
433,1/1/2023,2026-07-22T17:20:02.000Z,1,8,Hell's Kitchen,77,3,Bakery,Scone,Oatmeal Scone,3,17,Sun,6,Jan,Afternoon,Weekend,Small Purchase
434,1/1/2023,2026-07-22T17:22:36.000Z,1,3,Astoria,36,3.75,Coffee,Premium brewed coffee,Jamaican Coffee River Lg,3.75,17,Sun,6,Jan,Afternoon,Weekend,Small Purchase
435,1/1/2023,2026-07-22T17:23:03.000Z,1,5,Lower Manhattan,48,2.5,Tea,Brewed Black tea,English Breakfast Rg,2.5,17,Sun,6,Jan,Afternoon,Weekend,Small Purchase
436,1/1/2023,2026-07-22T17:23:04.000Z,1,3,Astoria,41,4.25,Coffee,Barista Espresso,Cappuccino Lg,4.25,17,Sun,6,Jan,Afternoon,Weekend,Small Purchase
437,1/1/2023,2026-07-22T17:25:45.000Z,2,3,Astoria,58,3.5,Drinking Chocolate,Hot chocolate,Dark chocolate Rg,7,17,Sun,6,Jan,Afternoon,Weekend,Small Purchase
438,1/1/2023,2026-07-22T17:26:15.000Z,1,8,Hell's Kitchen,35,3.1,Coffee,Premium brewed coffee,Jamaican Coffee River Rg,3.1,17,Sun,6,Jan,Afternoon,Weekend,Small Purchase
439,1/1/2023,2026-07-22T17:26:15.000Z,1,8,Hell's Kitchen,76,3.5,Bakery,Biscotti,Chocolate Chip Biscotti,3.5,17,Sun,6,Jan,Afternoon,Weekend,Small Purchase
440,1/1/2023,2026-07-22T17:28:42.000Z,1,5,Lower Manhattan,37,3,Coffee,Barista Espresso,Espresso shot,3,17,Sun,6,Jan,Afternoon,Weekend,Small Purchase
441,1/1/2023,2026-07-22T17:28:42.000Z,1,5,Lower Manhattan,70,3.25,Bakery,Scone,Cranberry Scone,3.25,17,Sun,6,Jan,Afternoon,Weekend,Small Purchase
442,1/1/2023,2026-07-22T17:29:25.000Z,1,3,Astoria,46,2.5,Tea,Brewed Green tea,Serenity Green Tea Rg,2.5,17,Sun,6,Jan,Afternoon,Weekend,Small Purchase
443,1/1/2023,2026-07-22T17:29:25.000Z,1,3,Astoria,75,3.5,Bakery,Pastry,Croissant,3.5,17,Sun,6,Jan,Afternoon,Weekend,Small Purchase
444,1/1/2023,2026-07-22T17:34:47.000Z,2,8,Hell's Kitchen,54,2.5,Tea,Brewed Chai tea,Morning Sunrise Chai Rg,5,17,Sun,6,Jan,Afternoon,Weekend,Small Purchase
445,1/1/2023,2026-07-22T17:35:26.000Z,1,3,Astoria,47,3,Tea,Brewed Green tea,Serenity Green Tea Lg,3,17,Sun,6,Jan,Afternoon,Weekend,Small Purchase
446,1/1/2023,2026-07-22T17:35:26.000Z,1,3,Astoria,69,3.25,Bakery,Biscotti,Hazelnut Biscotti,3.25,17,Sun,6,Jan,Afternoon,Weekend,Small Purchase
447,1/1/2023,2026-07-22T17:37:26.000Z,1,8,Hell's Kitchen,42,2.5,Tea,Brewed herbal tea,Lemon Grass Rg,2.5,17,Sun,6,Jan,Afternoon,Weekend,Small Purchase
448,1/1/2023,2026-07-22T17:40:50.000Z,1,3,Astoria,55,4,Tea,Brewed Chai tea,Morning Sunrise Chai Lg,4,17,Sun,6,Jan,Afternoon,Weekend,Small Purchase
449,1/1/2023,2026-07-22T17:41:55.000Z,2,3,Astoria,55,4,Tea,Brewed Chai tea,Morning Sunrise Chai Lg,8,17,Sun,6,Jan,Afternoon,Weekend,Small Purchase
450,1/1/2023,2026-07-22T17:41:55.000Z,1,3,Astoria,71,3.75,Bakery,Pastry,Chocolate Croissant,3.75,17,Sun,6,Jan,Afternoon,Weekend,Small Purchase
451,1/1/2023,2026-07-22T17:43:49.000Z,2,8,Hell's Kitchen,52,2.5,Tea,Brewed Chai tea,Traditional Blend Chai Rg,5,17,Sun,6,Jan,Afternoon,Weekend,Small Purchase
452,1/1/2023,2026-07-22T17:44:28.000Z,2,3,Astoria,27,3.5,Coffee,Organic brewed coffee,Brazilian Lg,7,17,Sun,6,Jan,Afternoon,Weekend,Small Purchase
453,1/1/2023,2026-07-22T17:44:28.000Z,1,3,Astoria,74,3.5,Bakery,Biscotti,Ginger Biscotti,3.5,17,Sun,6,Jan,Afternoon,Weekend,Small Purchase
454,1/1/2023,2026-07-22T17:44:48.000Z,1,8,Hell's Kitchen,34,2.45,Coffee,Premium brewed coffee,Jamaican Coffee River Sm,2.45,17,Sun,6,Jan,Afternoon,Weekend,Small Purchase
455,1/1/2023,2026-07-22T17:45:21.000Z,1,8,Hell's Kitchen,27,3.5,Coffee,Organic brewed coffee,Brazilian Lg,3.5,17,Sun,6,Jan,Afternoon,Weekend,Small Purchase
456,1/1/2023,2026-07-22T17:46:21.000Z,2,8,Hell's Kitchen,36,3.75,Coffee,Premium brewed coffee,Jamaican Coffee River Lg,7.5,17,Sun,6,Jan,Afternoon,Weekend,Small Purchase
457,1/1/2023,2026-07-22T17:46:21.000Z,1,8,Hell's Kitchen,76,3.5,Bakery,Biscotti,Chocolate Chip Biscotti,3.5,17,Sun,6,Jan,Afternoon,Weekend,Small Purchase
458,1/1/2023,2026-07-22T17:49:04.000Z,2,8,Hell's Kitchen,60,3.75,Drinking Chocolate,Hot chocolate,Sustainably Grown Organic Rg,7.5,17,Sun,6,Jan,Afternoon,Weekend,Small Purchase
459,1/1/2023,2026-07-22T17:50:19.000Z,1,5,Lower Manhattan,45,3,Tea,Brewed herbal tea,Peppermint Lg,3,17,Sun,6,Jan,Afternoon,Weekend,Small Purchase
460,1/1/2023,2026-07-22T17:50:30.000Z,2,8,Hell's Kitchen,38,3.75,Coffee,Barista Espresso,Latte,7.5,17,Sun,6,Jan,Afternoon,Weekend,Small Purchase
461,1/1/2023,2026-07-22T17:51:06.000Z,2,3,Astoria,60,3.75,Drinking Chocolate,Hot chocolate,Sustainably Grown Organic Rg,7.5,17,Sun,6,Jan,Afternoon,Weekend,Small Purchase
462,1/1/2023,2026-07-22T17:54:11.000Z,2,3,Astoria,56,2.55,Tea,Brewed Chai tea,Spicy Eye Opener Chai Rg,5.1,17,Sun,6,Jan,Afternoon,Weekend,Small Purchase
463,1/1/2023,2026-07-22T17:56:46.000Z,1,8,Hell's Kitchen,30,3,Coffee,Gourmet brewed coffee,Columbian Medium Roast Lg,3,17,Sun,6,Jan,Afternoon,Weekend,Small Purchase
464,1/1/2023,2026-07-22T17:58:01.000Z,1,5,Lower Manhattan,39,4.25,Coffee,Barista Espresso,Latte Rg,4.25,17,Sun,6,Jan,Afternoon,Weekend,Small Purchase
465,1/1/2023,2026-07-22T17:59:44.000Z,2,8,Hell's Kitchen,53,3,Tea,Brewed Chai tea,Traditional Blend Chai Lg,6,17,Sun,6,Jan,Afternoon,Weekend,Small Purchase
466,1/1/2023,2026-07-22T17:59:44.000Z,1,8,Hell's Kitchen,76,3.5,Bakery,Biscotti,Chocolate Chip Biscotti,3.5,17,Sun,6,Jan,Afternoon,Weekend,Small Purchase
467,1/1/2023,2026-07-22T18:01:08.000Z,2,8,Hell's Kitchen,45,3,Tea,Brewed herbal tea,Peppermint Lg,6,18,Sun,6,Jan,Evening,Weekend,Small Purchase
468,1/1/2023,2026-07-22T18:02:00.000Z,1,3,Astoria,52,2.5,Tea,Brewed Chai tea,Traditional Blend Chai Rg,2.5,18,Sun,6,Jan,Evening,Weekend,Small Purchase
469,1/1/2023,2026-07-22T18:02:21.000Z,2,5,Lower Manhattan,49,3,Tea,Brewed Black tea,English Breakfast Lg,6,18,Sun,6,Jan,Evening,Weekend,Small Purchase
470,1/1/2023,2026-07-22T18:03:13.000Z,1,3,Astoria,28,2,Coffee,Gourmet brewed coffee,Columbian Medium Roast Sm,2,18,Sun,6,Jan,Evening,Weekend,Small Purchase
471,1/1/2023,2026-07-22T18:03:13.000Z,1,3,Astoria,78,4.5,Bakery,Scone,Scottish Cream Scone ,4.5,18,Sun,6,Jan,Evening,Weekend,Small Purchase
472,1/1/2023,2026-07-22T18:04:34.000Z,1,3,Astoria,28,2,Coffee,Gourmet brewed coffee,Columbian Medium Roast Sm,2,18,Sun,6,Jan,Evening,Weekend,Small Purchase
473,1/1/2023,2026-07-22T18:06:52.000Z,2,3,Astoria,30,3,Coffee,Gourmet brewed coffee,Columbian Medium Roast Lg,6,18,Sun,6,Jan,Evening,Weekend,Small Purchase
474,1/1/2023,2026-07-22T18:06:52.000Z,1,3,Astoria,79,3.75,Bakery,Scone,Jumbo Savory Scone,3.75,18,Sun,6,Jan,Evening,Weekend,Small Purchase
475,1/1/2023,2026-07-22T18:07:13.000Z,1,8,Hell's Kitchen,23,2.5,Coffee,Drip coffee,Our Old Time Diner Blend Rg,2.5,18,Sun,6,Jan,Evening,Weekend,Small Purchase
476,1/1/2023,2026-07-22T18:08:53.000Z,2,3,Astoria,34,2.45,Coffee,Premium brewed coffee,Jamaican Coffee River Sm,4.9,18,Sun,6,Jan,Evening,Weekend,Small Purchase
477,1/1/2023,2026-07-22T18:12:37.000Z,2,3,Astoria,25,2.2,Coffee,Organic brewed coffee,Brazilian Sm,4.4,18,Sun,6,Jan,Evening,Weekend,Small Purchase
478,1/1/2023,2026-07-22T18:13:32.000Z,2,5,Lower Manhattan,23,2.5,Coffee,Drip coffee,Our Old Time Diner Blend Rg,5,18,Sun,6,Jan,Evening,Weekend,Small Purchase
479,1/1/2023,2026-07-22T18:13:41.000Z,2,8,Hell's Kitchen,57,3.1,Tea,Brewed Chai tea,Spicy Eye Opener Chai Lg,6.2,18,Sun,6,Jan,Evening,Weekend,Small Purchase
480,1/1/2023,2026-07-22T18:14:28.000Z,2,8,Hell's Kitchen,26,3,Coffee,Organic brewed coffee,Brazilian Rg,6,18,Sun,6,Jan,Evening,Weekend,Small Purchase
481,1/1/2023,2026-07-22T18:17:09.000Z,2,8,Hell's Kitchen,36,3.75,Coffee,Premium brewed coffee,Jamaican Coffee River Lg,7.5,18,Sun,6,Jan,Evening,Weekend,Small Purchase
482,1/1/2023,2026-07-22T18:18:10.000Z,1,3,Astoria,59,4.5,Drinking Chocolate,Hot chocolate,Dark chocolate Lg,4.5,18,Sun,6,Jan,Evening,Weekend,Small Purchase
483,1/1/2023,2026-07-22T18:19:45.000Z,1,5,Lower Manhattan,52,2.5,Tea,Brewed Chai tea,Traditional Blend Chai Rg,2.5,18,Sun,6,Jan,Evening,Weekend,Small Purchase
484,1/1/2023,2026-07-22T18:19:45.000Z,1,5,Lower Manhattan,76,3.5,Bakery,Biscotti,Chocolate Chip Biscotti,3.5,18,Sun,6,Jan,Evening,Weekend,Small Purchase
485,1/1/2023,2026-07-22T18:21:22.000Z,1,3,Astoria,46,2.5,Tea,Brewed Green tea,Serenity Green Tea Rg,2.5,18,Sun,6,Jan,Evening,Weekend,Small Purchase
486,1/1/2023,2026-07-22T18:22:12.000Z,2,3,Astoria,61,4.75,Drinking Chocolate,Hot chocolate,Sustainably Grown Organic Lg,9.5,18,Sun,6,Jan,Evening,Weekend,Small Purchase
487,1/1/2023,2026-07-22T18:22:48.000Z,2,5,Lower Manhattan,37,3,Coffee,Barista Espresso,Espresso shot,6,18,Sun,6,Jan,Evening,Weekend,Small Purchase
488,1/1/2023,2026-07-22T18:22:53.000Z,1,3,Astoria,32,3,Coffee,Gourmet brewed coffee,Ethiopia Rg,3,18,Sun,6,Jan,Evening,Weekend,Small Purchase
489,1/1/2023,2026-07-22T18:22:53.000Z,1,3,Astoria,79,3.75,Bakery,Scone,Jumbo Savory Scone,3.75,18,Sun,6,Jan,Evening,Weekend,Small Purchase
490,1/1/2023,2026-07-22T18:23:34.000Z,2,5,Lower Manhattan,53,3,Tea,Brewed Chai tea,Traditional Blend Chai Lg,6,18,Sun,6,Jan,Evening,Weekend,Small Purchase
491,1/1/2023,2026-07-22T18:25:51.000Z,1,3,Astoria,61,4.75,Drinking Chocolate,Hot chocolate,Sustainably Grown Organic Lg,4.75,18,Sun,6,Jan,Evening,Weekend,Small Purchase
492,1/1/2023,2026-07-22T18:25:57.000Z,1,8,Hell's Kitchen,43,3,Tea,Brewed herbal tea,Lemon Grass Lg,3,18,Sun,6,Jan,Evening,Weekend,Small Purchase
493,1/1/2023,2026-07-22T18:27:08.000Z,2,5,Lower Manhattan,54,2.5,Tea,Brewed Chai tea,Morning Sunrise Chai Rg,5,18,Sun,6,Jan,Evening,Weekend,Small Purchase
494,1/1/2023,2026-07-22T18:29:34.000Z,2,8,Hell's Kitchen,44,2.5,Tea,Brewed herbal tea,Peppermint Rg,5,18,Sun,6,Jan,Evening,Weekend,Small Purchase
495,1/1/2023,2026-07-22T18:30:05.000Z,2,3,Astoria,55,4,Tea,Brewed Chai tea,Morning Sunrise Chai Lg,8,18,Sun,6,Jan,Evening,Weekend,Small Purchase
496,1/1/2023,2026-07-22T18:34:56.000Z,2,3,Astoria,60,3.75,Drinking Chocolate,Hot chocolate,Sustainably Grown Organic Rg,7.5,18,Sun,6,Jan,Evening,Weekend,Small Purchase
497,1/1/2023,2026-07-22T18:39:29.000Z,1,3,Astoria,22,2,Coffee,Drip coffee,Our Old Time Diner Blend Sm,2,18,Sun,6,Jan,Evening,Weekend,Small Purchase
498,1/1/2023,2026-07-22T18:40:29.000Z,2,8,Hell's Kitchen,53,3,Tea,Brewed Chai tea,Traditional Blend Chai Lg,6,18,Sun,6,Jan,Evening,Weekend,Small Purchase
499,1/1/2023,2026-07-22T18:41:13.000Z,1,3,Astoria,24,3,Coffee,Drip coffee,Our Old Time Diner Blend Lg,3,18,Sun,6,Jan,Evening,Weekend,Small Purchase
500,1/1/2023,2026-07-22T18:41:28.000Z,2,8,Hell's Kitchen,49,3,Tea,Brewed Black tea,English Breakfast Lg,6,18,Sun,6,Jan,Evening,Weekend,Small Purchase
501,1/1/2023,2026-07-22T18:42:04.000Z,2,3,Astoria,60,3.75,Drinking Chocolate,Hot chocolate,Sustainably Grown Organic Rg,7.5,18,Sun,6,Jan,Evening,Weekend,Small Purchase
502,1/1/2023,2026-07-22T18:42:16.000Z,1,8,Hell's Kitchen,54,2.5,Tea,Brewed Chai tea,Morning Sunrise Chai Rg,2.5,18,Sun,6,Jan,Evening,Weekend,Small Purchase
503,1/1/2023,2026-07-22T18:43:19.000Z,1,3,Astoria,57,3.1,Tea,Brewed Chai tea,Spicy Eye Opener Chai Lg,3.1,18,Sun,6,Jan,Evening,Weekend,Small Purchase
504,1/1/2023,2026-07-22T18:43:42.000Z,1,3,Astoria,25,2.2,Coffee,Organic brewed coffee,Brazilian Sm,2.2,18,Sun,6,Jan,Evening,Weekend,Small Purchase
505,1/1/2023,2026-07-22T18:45:11.000Z,2,3,Astoria,38,3.75,Coffee,Barista Espresso,Latte,7.5,18,Sun,6,Jan,Evening,Weekend,Small Purchase
506,1/1/2023,2026-07-22T18:49:48.000Z,1,3,Astoria,27,3.5,Coffee,Organic brewed coffee,Brazilian Lg,3.5,18,Sun,6,Jan,Evening,Weekend,Small Purchase
507,1/1/2023,2026-07-22T18:51:23.000Z,2,3,Astoria,24,3,Coffee,Drip coffee,Our Old Time Diner Blend Lg,6,18,Sun,6,Jan,Evening,Weekend,Small Purchase
508,1/1/2023,2026-07-22T18:51:41.000Z,1,3,Astoria,28,2,Coffee,Gourmet brewed coffee,Columbian Medium Roast Sm,2,18,Sun,6,Jan,Evening,Weekend,Small Purchase
509,1/1/2023,2026-07-22T18:52:18.000Z,2,8,Hell's Kitchen,22,2,Coffee,Drip coffee,Our Old Time Diner Blend Sm,4,18,Sun,6,Jan,Evening,Weekend,Small Purchase
510,1/1/2023,2026-07-22T18:52:57.000Z,2,3,Astoria,59,4.5,Drinking Chocolate,Hot chocolate,Dark chocolate Lg,9,18,Sun,6,Jan,Evening,Weekend,Small Purchase
511,1/1/2023,2026-07-22T18:55:19.000Z,2,3,Astoria,56,2.55,Tea,Brewed Chai tea,Spicy Eye Opener Chai Rg,5.1,18,Sun,6,Jan,Evening,Weekend,Small Purchase
512,1/1/2023,2026-07-22T18:56:24.000Z,2,8,Hell's Kitchen,53,3,Tea,Brewed Chai tea,Traditional Blend Chai Lg,6,18,Sun,6,Jan,Evening,Weekend,Small Purchase
513,1/1/2023,2026-07-22T18:56:35.000Z,2,8,Hell's Kitchen,39,4.25,Coffee,Barista Espresso,Latte Rg,8.5,18,Sun,6,Jan,Evening,Weekend,Small Purchase
514,1/1/2023,2026-07-22T18:56:35.000Z,1,8,Hell's Kitchen,73,3.75,Bakery,Pastry,Almond Croissant,3.75,18,Sun,6,Jan,Evening,Weekend,Small Purchase
515,1/1/2023,2026-07-22T19:00:27.000Z,1,3,Astoria,43,3,Tea,Brewed herbal tea,Lemon Grass Lg,3,19,Sun,6,Jan,Evening,Weekend,Small Purchase
516,1/1/2023,2026-07-22T19:02:52.000Z,2,8,Hell's Kitchen,37,3,Coffee,Barista Espresso,Espresso shot,6,19,Sun,6,Jan,Evening,Weekend,Small Purchase
517,1/1/2023,2026-07-22T19:06:58.000Z,1,8,Hell's Kitchen,38,3.75,Coffee,Barista Espresso,Latte,3.75,19,Sun,6,Jan,Evening,Weekend,Small Purchase
518,1/1/2023,2026-07-22T19:07:26.000Z,2,8,Hell's Kitchen,24,3,Coffee,Drip coffee,Our Old Time Diner Blend Lg,6,19,Sun,6,Jan,Evening,Weekend,Small Purchase
519,1/1/2023,2026-07-22T19:07:40.000Z,1,3,Astoria,55,4,Tea,Brewed Chai tea,Morning Sunrise Chai Lg,4,19,Sun,6,Jan,Evening,Weekend,Small Purchase
520,1/1/2023,2026-07-22T19:08:11.000Z,2,8,Hell's Kitchen,27,3.5,Coffee,Organic brewed coffee,Brazilian Lg,7,19,Sun,6,Jan,Evening,Weekend,Small Purchase
521,1/1/2023,2026-07-22T19:08:56.000Z,1,3,Astoria,60,3.75,Drinking Chocolate,Hot chocolate,Sustainably Grown Organic Rg,3.75,19,Sun,6,Jan,Evening,Weekend,Small Purchase
522,1/1/2023,2026-07-22T19:09:54.000Z,1,8,Hell's Kitchen,41,4.25,Coffee,Barista Espresso,Cappuccino Lg,4.25,19,Sun,6,Jan,Evening,Weekend,Small Purchase
523,1/1/2023,2026-07-22T19:10:16.000Z,2,3,Astoria,27,3.5,Coffee,Organic brewed coffee,Brazilian Lg,7,19,Sun,6,Jan,Evening,Weekend,Small Purchase
524,1/1/2023,2026-07-22T19:10:53.000Z,2,8,Hell's Kitchen,55,4,Tea,Brewed Chai tea,Morning Sunrise Chai Lg,8,19,Sun,6,Jan,Evening,Weekend,Small Purchase
525,1/1/2023,2026-07-22T19:12:49.000Z,2,3,Astoria,40,3.75,Coffee,Barista Espresso,Cappuccino,7.5,19,Sun,6,Jan,Evening,Weekend,Small Purchase
526,1/1/2023,2026-07-22T19:14:09.000Z,2,3,Astoria,32,3,Coffee,Gourmet brewed coffee,Ethiopia Rg,6,19,Sun,6,Jan,Evening,Weekend,Small Purchase
527,1/1/2023,2026-07-22T19:15:15.000Z,1,3,Astoria,55,4,Tea,Brewed Chai tea,Morning Sunrise Chai Lg,4,19,Sun,6,Jan,Evening,Weekend,Small Purchase
528,1/1/2023,2026-07-22T19:21:35.000Z,1,8,Hell's Kitchen,49,3,Tea,Brewed Black tea,English Breakfast Lg,3,19,Sun,6,Jan,Evening,Weekend,Small Purchase
529,1/1/2023,2026-07-22T19:22:39.000Z,1,8,Hell's Kitchen,40,3.75,Coffee,Barista Espresso,Cappuccino,3.75,19,Sun,6,Jan,Evening,Weekend,Small Purchase
530,1/1/2023,2026-07-22T19:24:18.000Z,1,8,Hell's Kitchen,46,2.5,Tea,Brewed Green tea,Serenity Green Tea Rg,2.5,19,Sun,6,Jan,Evening,Weekend,Small Purchase
531,1/1/2023,2026-07-22T19:24:18.000Z,1,8,Hell's Kitchen,77,3,Bakery,Scone,Oatmeal Scone,3,19,Sun,6,Jan,Evening,Weekend,Small Purchase
532,1/1/2023,2026-07-22T19:29:01.000Z,2,3,Astoria,44,2.5,Tea,Brewed herbal tea,Peppermint Rg,5,19,Sun,6,Jan,Evening,Weekend,Small Purchase
533,1/1/2023,2026-07-22T19:29:07.000Z,1,3,Astoria,38,3.75,Coffee,Barista Espresso,Latte,3.75,19,Sun,6,Jan,Evening,Weekend,Small Purchase
534,1/1/2023,2026-07-22T19:30:55.000Z,2,3,Astoria,51,3,Tea,Brewed Black tea,Earl Grey Lg,6,19,Sun,6,Jan,Evening,Weekend,Small Purchase
535,1/1/2023,2026-07-22T19:34:03.000Z,1,8,Hell's Kitchen,43,3,Tea,Brewed herbal tea,Lemon Grass Lg,3,19,Sun,6,Jan,Evening,Weekend,Small Purchase
536,1/1/2023,2026-07-22T19:34:39.000Z,2,8,Hell's Kitchen,61,4.75,Drinking Chocolate,Hot chocolate,Sustainably Grown Organic Lg,9.5,19,Sun,6,Jan,Evening,Weekend,Small Purchase
537,1/1/2023,2026-07-22T19:34:48.000Z,1,3,Astoria,40,3.75,Coffee,Barista Espresso,Cappuccino,3.75,19,Sun,6,Jan,Evening,Weekend,Small Purchase
538,1/1/2023,2026-07-22T19:35:55.000Z,2,8,Hell's Kitchen,27,3.5,Coffee,Organic brewed coffee,Brazilian Lg,7,19,Sun,6,Jan,Evening,Weekend,Small Purchase
539,1/1/2023,2026-07-22T19:37:51.000Z,1,3,Astoria,60,3.75,Drinking Chocolate,Hot chocolate,Sustainably Grown Organic Rg,3.75,19,Sun,6,Jan,Evening,Weekend,Small Purchase
540,1/1/2023,2026-07-22T19:38:46.000Z,2,3,Astoria,55,4,Tea,Brewed Chai tea,Morning Sunrise Chai Lg,8,19,Sun,6,Jan,Evening,Weekend,Small Purchase
541,1/1/2023,2026-07-22T19:39:00.000Z,2,3,Astoria,47,3,Tea,Brewed Green tea,Serenity Green Tea Lg,6,19,Sun,6,Jan,Evening,Weekend,Small Purchase
542,1/1/2023,2026-07-22T19:39:32.000Z,1,3,Astoria,37,3,Coffee,Barista Espresso,Espresso shot,3,19,Sun,6,Jan,Evening,Weekend,Small Purchase
543,1/1/2023,2026-07-22T19:43:29.000Z,1,3,Astoria,54,2.5,Tea,Brewed Chai tea,Morning Sunrise Chai Rg,2.5,19,Sun,6,Jan,Evening,Weekend,Small Purchase
544,1/1/2023,2026-07-22T19:44:41.000Z,1,8,Hell's Kitchen,61,4.75,Drinking Chocolate,Hot chocolate,Sustainably Grown Organic Lg,4.75,19,Sun,6,Jan,Evening,Weekend,Small Purchase
545,1/1/2023,2026-07-22T19:45:28.000Z,1,8,Hell's Kitchen,26,3,Coffee,Organic brewed coffee,Brazilian Rg,3,19,Sun,6,Jan,Evening,Weekend,Small Purchase
546,1/1/2023,2026-07-22T19:49:37.000Z,1,3,Astoria,36,3.75,Coffee,Premium brewed coffee,Jamaican Coffee River Lg,3.75,19,Sun,6,Jan,Evening,Weekend,Small Purchase
547,1/1/2023,2026-07-22T19:52:47.000Z,1,8,Hell's Kitchen,32,3,Coffee,Gourmet brewed coffee,Ethiopia Rg,3,19,Sun,6,Jan,Evening,Weekend,Small Purchase
548,1/1/2023,2026-07-22T19:57:56.000Z,1,3,Astoria,35,3.1,Coffee,Premium brewed coffee,Jamaican Coffee River Rg,3.1,19,Sun,6,Jan,Evening,Weekend,Small Purchase
549,1/1/2023,2026-07-22T19:58:29.000Z,1,3,Astoria,55,4,Tea,Brewed Chai tea,Morning Sunrise Chai Lg,4,19,Sun,6,Jan,Evening,Weekend,Small Purchase
550,1/1/2023,2026-07-22T19:58:52.000Z,1,3,Astoria,39,4.25,Coffee,Barista Espresso,Latte Rg,4.25,19,Sun,6,Jan,Evening,Weekend,Small Purchase
551,1/2/2023,2026-07-22T07:01:59.000Z,1,5,Lower Manhattan,87,3,Coffee,Barista Espresso,Ouro Brasileiro shot,3,7,Mon,0,Jan,Morning,Weekday,Small Purchase
552,1/2/2023,2026-07-22T07:12:05.000Z,1,5,Lower Manhattan,51,3,Tea,Brewed Black tea,Earl Grey Lg,3,7,Mon,0,Jan,Morning,Weekday,Small Purchase
553,1/2/2023,2026-07-22T07:16:35.000Z,2,5,Lower Manhattan,28,2,Coffee,Gourmet brewed coffee,Columbian Medium Roast Sm,4,7,Mon,0,Jan,Morning,Weekday,Small Purchase
554,1/2/2023,2026-07-22T07:16:46.000Z,1,5,Lower Manhattan,57,3.1,Tea,Brewed Chai tea,Spicy Eye Opener Chai Lg,3.1,7,Mon,0,Jan,Morning,Weekday,Small Purchase
555,1/2/2023,2026-07-22T07:16:46.000Z,1,5,Lower Manhattan,70,3.25,Bakery,Scone,Cranberry Scone,3.25,7,Mon,0,Jan,Morning,Weekday,Small Purchase
556,1/2/2023,2026-07-22T07:22:08.000Z,2,5,Lower Manhattan,61,4.75,Drinking Chocolate,Hot chocolate,Sustainably Grown Organic Lg,9.5,7,Mon,0,Jan,Morning,Weekday,Small Purchase
557,1/2/2023,2026-07-22T07:22:45.000Z,1,5,Lower Manhattan,42,2.5,Tea,Brewed herbal tea,Lemon Grass Rg,2.5,7,Mon,0,Jan,Morning,Weekday,Small Purchase
558,1/2/2023,2026-07-22T07:25:59.000Z,1,5,Lower Manhattan,24,3,Coffee,Drip coffee,Our Old Time Diner Blend Lg,3,7,Mon,0,Jan,Morning,Weekday,Small Purchase
559,1/2/2023,2026-07-22T07:35:10.000Z,1,5,Lower Manhattan,53,3,Tea,Brewed Chai tea,Traditional Blend Chai Lg,3,7,Mon,0,Jan,Morning,Weekday,Small Purchase
560,1/2/2023,2026-07-22T07:48:26.000Z,1,5,Lower Manhattan,41,4.25,Coffee,Barista Espresso,Cappuccino Lg,4.25,7,Mon,0,Jan,Morning,Weekday,Small Purchase
561,1/2/2023,2026-07-22T07:48:26.000Z,1,5,Lower Manhattan,75,3.5,Bakery,Pastry,Croissant,3.5,7,Mon,0,Jan,Morning,Weekday,Small Purchase
562,1/2/2023,2026-07-22T07:53:48.000Z,2,5,Lower Manhattan,27,3.5,Coffee,Organic brewed coffee,Brazilian Lg,7,7,Mon,0,Jan,Morning,Weekday,Small Purchase
563,1/2/2023,2026-07-22T07:59:47.000Z,1,5,Lower Manhattan,48,2.5,Tea,Brewed Black tea,English Breakfast Rg,2.5,7,Mon,0,Jan,Morning,Weekday,Small Purchase
564,1/2/2023,2026-07-22T07:59:47.000Z,1,5,Lower Manhattan,75,3.5,Bakery,Pastry,Croissant,3.5,7,Mon,0,Jan,Morning,Weekday,Small Purchase
565,1/2/2023,2026-07-22T08:03:47.000Z,2,8,Hell's Kitchen,32,3,Coffee,Gourmet brewed coffee,Ethiopia Rg,6,8,Mon,0,Jan,Morning,Weekday,Small Purchase
566,1/2/2023,2026-07-22T08:04:06.000Z,2,8,Hell's Kitchen,31,2.2,Coffee,Gourmet brewed coffee,Ethiopia Sm,4.4,8,Mon,0,Jan,Morning,Weekday,Small Purchase
567,1/2/2023,2026-07-22T08:04:55.000Z,1,8,Hell's Kitchen,25,2.2,Coffee,Organic brewed coffee,Brazilian Sm,2.2,8,Mon,0,Jan,Morning,Weekday,Small Purchase
568,1/2/2023,2026-07-22T08:04:59.000Z,1,5,Lower Manhattan,61,4.75,Drinking Chocolate,Hot chocolate,Sustainably Grown Organic Lg,4.75,8,Mon,0,Jan,Morning,Weekday,Small Purchase
569,1/2/2023,2026-07-22T08:09:46.000Z,1,5,Lower Manhattan,48,2.5,Tea,Brewed Black tea,English Breakfast Rg,2.5,8,Mon,0,Jan,Morning,Weekday,Small Purchase
570,1/2/2023,2026-07-22T08:09:51.000Z,1,5,Lower Manhattan,61,4.75,Drinking Chocolate,Hot chocolate,Sustainably Grown Organic Lg,4.75,8,Mon,0,Jan,Morning,Weekday,Small Purchase
571,1/2/2023,2026-07-22T08:11:11.000Z,2,8,Hell's Kitchen,61,4.75,Drinking Chocolate,Hot chocolate,Sustainably Grown Organic Lg,9.5,8,Mon,0,Jan,Morning,Weekday,Small Purchase
572,1/2/2023,2026-07-22T08:11:11.000Z,1,8,Hell's Kitchen,74,3.5,Bakery,Biscotti,Ginger Biscotti,3.5,8,Mon,0,Jan,Morning,Weekday,Small Purchase
573,1/2/2023,2026-07-22T08:13:24.000Z,1,8,Hell's Kitchen,27,3.5,Coffee,Organic brewed coffee,Brazilian Lg,3.5,8,Mon,0,Jan,Morning,Weekday,Small Purchase
574,1/2/2023,2026-07-22T08:14:13.000Z,1,5,Lower Manhattan,55,4,Tea,Brewed Chai tea,Morning Sunrise Chai Lg,4,8,Mon,0,Jan,Morning,Weekday,Small Purchase
575,1/2/2023,2026-07-22T08:15:07.000Z,1,8,Hell's Kitchen,36,3.75,Coffee,Premium brewed coffee,Jamaican Coffee River Lg,3.75,8,Mon,0,Jan,Morning,Weekday,Small Purchase
576,1/2/2023,2026-07-22T08:15:10.000Z,2,8,Hell's Kitchen,30,3,Coffee,Gourmet brewed coffee,Columbian Medium Roast Lg,6,8,Mon,0,Jan,Morning,Weekday,Small Purchase
577,1/2/2023,2026-07-22T08:17:28.000Z,1,8,Hell's Kitchen,44,2.5,Tea,Brewed herbal tea,Peppermint Rg,2.5,8,Mon,0,Jan,Morning,Weekday,Small Purchase
578,1/2/2023,2026-07-22T08:20:38.000Z,2,5,Lower Manhattan,44,2.5,Tea,Brewed herbal tea,Peppermint Rg,5,8,Mon,0,Jan,Morning,Weekday,Small Purchase
579,1/2/2023,2026-07-22T08:21:32.000Z,2,8,Hell's Kitchen,38,3.75,Coffee,Barista Espresso,Latte,7.5,8,Mon,0,Jan,Morning,Weekday,Small Purchase
580,1/2/2023,2026-07-22T08:23:15.000Z,1,8,Hell's Kitchen,26,3,Coffee,Organic brewed coffee,Brazilian Rg,3,8,Mon,0,Jan,Morning,Weekday,Small Purchase
581,1/2/2023,2026-07-22T08:25:22.000Z,1,5,Lower Manhattan,25,2.2,Coffee,Organic brewed coffee,Brazilian Sm,2.2,8,Mon,0,Jan,Morning,Weekday,Small Purchase
582,1/2/2023,2026-07-22T08:26:13.000Z,2,5,Lower Manhattan,28,2,Coffee,Gourmet brewed coffee,Columbian Medium Roast Sm,4,8,Mon,0,Jan,Morning,Weekday,Small Purchase
583,1/2/2023,2026-07-22T08:26:21.000Z,2,8,Hell's Kitchen,31,2.2,Coffee,Gourmet brewed coffee,Ethiopia Sm,4.4,8,Mon,0,Jan,Morning,Weekday,Small Purchase
584,1/2/2023,2026-07-22T08:30:10.000Z,1,5,Lower Manhattan,29,2.5,Coffee,Gourmet brewed coffee,Columbian Medium Roast Rg,2.5,8,Mon,0,Jan,Morning,Weekday,Small Purchase
585,1/2/2023,2026-07-22T08:31:35.000Z,1,8,Hell's Kitchen,35,3.1,Coffee,Premium brewed coffee,Jamaican Coffee River Rg,3.1,8,Mon,0,Jan,Morning,Weekday,Small Purchase
586,1/2/2023,2026-07-22T08:34:25.000Z,2,8,Hell's Kitchen,25,2.2,Coffee,Organic brewed coffee,Brazilian Sm,4.4,8,Mon,0,Jan,Morning,Weekday,Small Purchase
587,1/2/2023,2026-07-22T08:34:30.000Z,1,8,Hell's Kitchen,48,2.5,Tea,Brewed Black tea,English Breakfast Rg,2.5,8,Mon,0,Jan,Morning,Weekday,Small Purchase
588,1/2/2023,2026-07-22T08:43:50.000Z,1,8,Hell's Kitchen,32,3,Coffee,Gourmet brewed coffee,Ethiopia Rg,3,8,Mon,0,Jan,Morning,Weekday,Small Purchase
589,1/2/2023,2026-07-22T08:51:31.000Z,2,5,Lower Manhattan,32,3,Coffee,Gourmet brewed coffee,Ethiopia Rg,6,8,Mon,0,Jan,Morning,Weekday,Small Purchase
590,1/2/2023,2026-07-22T08:55:40.000Z,1,5,Lower Manhattan,28,2,Coffee,Gourmet brewed coffee,Columbian Medium Roast Sm,2,8,Mon,0,Jan,Morning,Weekday,Small Purchase
591,1/2/2023,2026-07-22T09:00:14.000Z,1,8,Hell's Kitchen,39,4.25,Coffee,Barista Espresso,Latte Rg,4.25,9,Mon,0,Jan,Morning,Weekday,Small Purchase
592,1/2/2023,2026-07-22T09:01:24.000Z,1,8,Hell's Kitchen,53,3,Tea,Brewed Chai tea,Traditional Blend Chai Lg,3,9,Mon,0,Jan,Morning,Weekday,Small Purchase
593,1/2/2023,2026-07-22T09:06:29.000Z,1,5,Lower Manhattan,33,3.5,Coffee,Gourmet brewed coffee,Ethiopia Lg,3.5,9,Mon,0,Jan,Morning,Weekday,Small Purchase
594,1/2/2023,2026-07-22T09:07:31.000Z,2,5,Lower Manhattan,37,3,Coffee,Barista Espresso,Espresso shot,6,9,Mon,0,Jan,Morning,Weekday,Small Purchase
595,1/2/2023,2026-07-22T09:11:10.000Z,1,8,Hell's Kitchen,59,4.5,Drinking Chocolate,Hot chocolate,Dark chocolate Lg,4.5,9,Mon,0,Jan,Morning,Weekday,Small Purchase
596,1/2/2023,2026-07-22T09:11:10.000Z,1,8,Hell's Kitchen,79,3.75,Bakery,Scone,Jumbo Savory Scone,3.75,9,Mon,0,Jan,Morning,Weekday,Small Purchase
597,1/2/2023,2026-07-22T09:11:45.000Z,1,8,Hell's Kitchen,61,4.75,Drinking Chocolate,Hot chocolate,Sustainably Grown Organic Lg,4.75,9,Mon,0,Jan,Morning,Weekday,Small Purchase
598,1/2/2023,2026-07-22T09:11:57.000Z,2,8,Hell's Kitchen,34,2.45,Coffee,Premium brewed coffee,Jamaican Coffee River Sm,4.9,9,Mon,0,Jan,Morning,Weekday,Small Purchase
599,1/2/2023,2026-07-22T09:11:57.000Z,1,8,Hell's Kitchen,72,3.25,Bakery,Scone,Ginger Scone,3.25,9,Mon,0,Jan,Morning,Weekday,Small Purchase
600,1/2/2023,2026-07-22T09:12:47.000Z,2,5,Lower Manhattan,31,2.2,Coffee,Gourmet brewed coffee,Ethiopia Sm,4.4,9,Mon,0,Jan,Morning,Weekday,Small Purchase
601,1/2/2023,2026-07-22T09:12:47.000Z,1,5,Lower Manhattan,75,3.5,Bakery,Pastry,Croissant,3.5,9,Mon,0,Jan,Morning,Weekday,Small Purchase
602,1/2/2023,2026-07-22T09:17:08.000Z,1,8,Hell's Kitchen,46,2.5,Tea,Brewed Green tea,Serenity Green Tea Rg,2.5,9,Mon,0,Jan,Morning,Weekday,Small Purchase
603,1/2/2023,2026-07-22T09:21:01.000Z,1,8,Hell's Kitchen,55,4,Tea,Brewed Chai tea,Morning Sunrise Chai Lg,4,9,Mon,0,Jan,Morning,Weekday,Small Purchase
604,1/2/2023,2026-07-22T09:22:26.000Z,1,8,Hell's Kitchen,40,3.75,Coffee,Barista Espresso,Cappuccino,3.75,9,Mon,0,Jan,Morning,Weekday,Small Purchase
605,1/2/2023,2026-07-22T09:25:27.000Z,1,5,Lower Manhattan,29,2.5,Coffee,Gourmet brewed coffee,Columbian Medium Roast Rg,2.5,9,Mon,0,Jan,Morning,Weekday,Small Purchase
606,1/2/2023,2026-07-22T09:26:16.000Z,2,8,Hell's Kitchen,28,2,Coffee,Gourmet brewed coffee,Columbian Medium Roast Sm,4,9,Mon,0,Jan,Morning,Weekday,Small Purchase
607,1/2/2023,2026-07-22T09:29:47.000Z,2,8,Hell's Kitchen,22,2,Coffee,Drip coffee,Our Old Time Diner Blend Sm,4,9,Mon,0,Jan,Morning,Weekday,Small Purchase
608,1/2/2023,2026-07-22T09:29:47.000Z,1,8,Hell's Kitchen,70,3.25,Bakery,Scone,Cranberry Scone,3.25,9,Mon,0,Jan,Morning,Weekday,Small Purchase
609,1/2/2023,2026-07-22T09:31:37.000Z,2,8,Hell's Kitchen,59,4.5,Drinking Chocolate,Hot chocolate,Dark chocolate Lg,9,9,Mon,0,Jan,Morning,Weekday,Small Purchase
610,1/2/2023,2026-07-22T09:33:57.000Z,2,8,Hell's Kitchen,23,2.5,Coffee,Drip coffee,Our Old Time Diner Blend Rg,5,9,Mon,0,Jan,Morning,Weekday,Small Purchase
611,1/2/2023,2026-07-22T09:36:26.000Z,1,8,Hell's Kitchen,87,3,Coffee,Barista Espresso,Ouro Brasileiro shot,3,9,Mon,0,Jan,Morning,Weekday,Small Purchase
612,1/2/2023,2026-07-22T09:38:46.000Z,2,8,Hell's Kitchen,87,3,Coffee,Barista Espresso,Ouro Brasileiro shot,6,9,Mon,0,Jan,Morning,Weekday,Small Purchase
613,1/2/2023,2026-07-22T09:40:52.000Z,1,5,Lower Manhattan,48,2.5,Tea,Brewed Black tea,English Breakfast Rg,2.5,9,Mon,0,Jan,Morning,Weekday,Small Purchase
614,1/2/2023,2026-07-22T09:45:34.000Z,1,5,Lower Manhattan,30,3,Coffee,Gourmet brewed coffee,Columbian Medium Roast Lg,3,9,Mon,0,Jan,Morning,Weekday,Small Purchase
615,1/2/2023,2026-07-22T09:46:33.000Z,2,8,Hell's Kitchen,48,2.5,Tea,Brewed Black tea,English Breakfast Rg,5,9,Mon,0,Jan,Morning,Weekday,Small Purchase
616,1/2/2023,2026-07-22T09:48:46.000Z,2,8,Hell's Kitchen,32,3,Coffee,Gourmet brewed coffee,Ethiopia Rg,6,9,Mon,0,Jan,Morning,Weekday,Small Purchase
617,1/2/2023,2026-07-22T09:50:09.000Z,1,8,Hell's Kitchen,27,3.5,Coffee,Organic brewed coffee,Brazilian Lg,3.5,9,Mon,0,Jan,Morning,Weekday,Small Purchase
618,1/2/2023,2026-07-22T09:50:57.000Z,1,5,Lower Manhattan,23,2.5,Coffee,Drip coffee,Our Old Time Diner Blend Rg,2.5,9,Mon,0,Jan,Morning,Weekday,Small Purchase
619,1/2/2023,2026-07-22T09:52:17.000Z,1,5,Lower Manhattan,26,3,Coffee,Organic brewed coffee,Brazilian Rg,3,9,Mon,0,Jan,Morning,Weekday,Small Purchase
620,1/2/2023,2026-07-22T09:54:48.000Z,1,8,Hell's Kitchen,34,2.45,Coffee,Premium brewed coffee,Jamaican Coffee River Sm,2.45,9,Mon,0,Jan,Morning,Weekday,Small Purchase
621,1/2/2023,2026-07-22T09:56:28.000Z,2,8,Hell's Kitchen,41,4.25,Coffee,Barista Espresso,Cappuccino Lg,8.5,9,Mon,0,Jan,Morning,Weekday,Small Purchase
622,1/2/2023,2026-07-22T09:56:45.000Z,1,5,Lower Manhattan,51,3,Tea,Brewed Black tea,Earl Grey Lg,3,9,Mon,0,Jan,Morning,Weekday,Small Purchase
623,1/2/2023,2026-07-22T09:58:47.000Z,2,5,Lower Manhattan,37,3,Coffee,Barista Espresso,Espresso shot,6,9,Mon,0,Jan,Morning,Weekday,Small Purchase
624,1/2/2023,2026-07-22T10:01:57.000Z,1,8,Hell's Kitchen,61,4.75,Drinking Chocolate,Hot chocolate,Sustainably Grown Organic Lg,4.75,10,Mon,0,Jan,Morning,Weekday,Small Purchase
625,1/2/2023,2026-07-22T10:03:39.000Z,1,8,Hell's Kitchen,30,3,Coffee,Gourmet brewed coffee,Columbian Medium Roast Lg,3,10,Mon,0,Jan,Morning,Weekday,Small Purchase
626,1/2/2023,2026-07-22T10:03:39.000Z,1,8,Hell's Kitchen,76,3.5,Bakery,Biscotti,Chocolate Chip Biscotti,3.5,10,Mon,0,Jan,Morning,Weekday,Small Purchase
627,1/2/2023,2026-07-22T10:05:11.000Z,1,5,Lower Manhattan,58,3.5,Drinking Chocolate,Hot chocolate,Dark chocolate Rg,3.5,10,Mon,0,Jan,Morning,Weekday,Small Purchase
628,1/2/2023,2026-07-22T10:05:22.000Z,1,5,Lower Manhattan,55,4,Tea,Brewed Chai tea,Morning Sunrise Chai Lg,4,10,Mon,0,Jan,Morning,Weekday,Small Purchase
629,1/2/2023,2026-07-22T10:07:28.000Z,1,5,Lower Manhattan,26,3,Coffee,Organic brewed coffee,Brazilian Rg,3,10,Mon,0,Jan,Morning,Weekday,Small Purchase
630,1/2/2023,2026-07-22T10:08:23.000Z,1,8,Hell's Kitchen,43,3,Tea,Brewed herbal tea,Lemon Grass Lg,3,10,Mon,0,Jan,Morning,Weekday,Small Purchase
631,1/2/2023,2026-07-22T10:10:47.000Z,2,8,Hell's Kitchen,56,2.55,Tea,Brewed Chai tea,Spicy Eye Opener Chai Rg,5.1,10,Mon,0,Jan,Morning,Weekday,Small Purchase
632,1/2/2023,2026-07-22T10:13:55.000Z,2,5,Lower Manhattan,26,3,Coffee,Organic brewed coffee,Brazilian Rg,6,10,Mon,0,Jan,Morning,Weekday,Small Purchase
633,1/2/2023,2026-07-22T10:13:55.000Z,1,5,Lower Manhattan,79,3.75,Bakery,Scone,Jumbo Savory Scone,3.75,10,Mon,0,Jan,Morning,Weekday,Small Purchase
634,1/2/2023,2026-07-22T10:16:43.000Z,1,5,Lower Manhattan,28,2,Coffee,Gourmet brewed coffee,Columbian Medium Roast Sm,2,10,Mon,0,Jan,Morning,Weekday,Small Purchase
635,1/2/2023,2026-07-22T10:19:33.000Z,1,8,Hell's Kitchen,61,4.75,Drinking Chocolate,Hot chocolate,Sustainably Grown Organic Lg,4.75,10,Mon,0,Jan,Morning,Weekday,Small Purchase
636,1/2/2023,2026-07-22T10:20:52.000Z,2,8,Hell's Kitchen,42,2.5,Tea,Brewed herbal tea,Lemon Grass Rg,5,10,Mon,0,Jan,Morning,Weekday,Small Purchase
637,1/2/2023,2026-07-22T10:22:19.000Z,1,5,Lower Manhattan,23,2.5,Coffee,Drip coffee,Our Old Time Diner Blend Rg,2.5,10,Mon,0,Jan,Morning,Weekday,Small Purchase
638,1/2/2023,2026-07-22T10:26:49.000Z,1,5,Lower Manhattan,23,2.5,Coffee,Drip coffee,Our Old Time Diner Blend Rg,2.5,10,Mon,0,Jan,Morning,Weekday,Small Purchase
639,1/2/2023,2026-07-22T10:27:05.000Z,1,5,Lower Manhattan,25,2.2,Coffee,Organic brewed coffee,Brazilian Sm,2.2,10,Mon,0,Jan,Morning,Weekday,Small Purchase
640,1/2/2023,2026-07-22T10:28:41.000Z,1,8,Hell's Kitchen,42,2.5,Tea,Brewed herbal tea,Lemon Grass Rg,2.5,10,Mon,0,Jan,Morning,Weekday,Small Purchase
641,1/2/2023,2026-07-22T10:30:39.000Z,2,8,Hell's Kitchen,44,2.5,Tea,Brewed herbal tea,Peppermint Rg,5,10,Mon,0,Jan,Morning,Weekday,Small Purchase
642,1/2/2023,2026-07-22T10:36:18.000Z,2,8,Hell's Kitchen,50,2.5,Tea,Brewed Black tea,Earl Grey Rg,5,10,Mon,0,Jan,Morning,Weekday,Small Purchase
643,1/2/2023,2026-07-22T10:36:44.000Z,1,5,Lower Manhattan,51,3,Tea,Brewed Black tea,Earl Grey Lg,3,10,Mon,0,Jan,Morning,Weekday,Small Purchase
644,1/2/2023,2026-07-22T10:38:55.000Z,2,8,Hell's Kitchen,51,3,Tea,Brewed Black tea,Earl Grey Lg,6,10,Mon,0,Jan,Morning,Weekday,Small Purchase
645,1/2/2023,2026-07-22T10:48:57.000Z,1,5,Lower Manhattan,53,3,Tea,Brewed Chai tea,Traditional Blend Chai Lg,3,10,Mon,0,Jan,Morning,Weekday,Small Purchase
646,1/2/2023,2026-07-22T10:49:58.000Z,1,8,Hell's Kitchen,32,3,Coffee,Gourmet brewed coffee,Ethiopia Rg,3,10,Mon,0,Jan,Morning,Weekday,Small Purchase
647,1/2/2023,2026-07-22T10:55:08.000Z,1,8,Hell's Kitchen,55,4,Tea,Brewed Chai tea,Morning Sunrise Chai Lg,4,10,Mon,0,Jan,Morning,Weekday,Small Purchase
648,1/2/2023,2026-07-22T10:55:35.000Z,1,8,Hell's Kitchen,48,2.5,Tea,Brewed Black tea,English Breakfast Rg,2.5,10,Mon,0,Jan,Morning,Weekday,Small Purchase
649,1/2/2023,2026-07-22T10:59:58.000Z,1,8,Hell's Kitchen,32,3,Coffee,Gourmet brewed coffee,Ethiopia Rg,3,10,Mon,0,Jan,Morning,Weekday,Small Purchase
650,1/2/2023,2026-07-22T11:01:06.000Z,2,5,Lower Manhattan,48,2.5,Tea,Brewed Black tea,English Breakfast Rg,5,11,Mon,0,Jan,Morning,Weekday,Small Purchase
651,1/2/2023,2026-07-22T11:04:21.000Z,1,3,Astoria,27,3.5,Coffee,Organic brewed coffee,Brazilian Lg,3.5,11,Mon,0,Jan,Morning,Weekday,Small Purchase
652,1/2/2023,2026-07-22T11:04:21.000Z,1,3,Astoria,70,3.25,Bakery,Scone,Cranberry Scone,3.25,11,Mon,0,Jan,Morning,Weekday,Small Purchase
653,1/2/2023,2026-07-22T11:06:10.000Z,1,3,Astoria,26,3,Coffee,Organic brewed coffee,Brazilian Rg,3,11,Mon,0,Jan,Morning,Weekday,Small Purchase
654,1/2/2023,2026-07-22T11:06:10.000Z,1,3,Astoria,77,3,Bakery,Scone,Oatmeal Scone,3,11,Mon,0,Jan,Morning,Weekday,Small Purchase
655,1/2/2023,2026-07-22T11:06:28.000Z,1,5,Lower Manhattan,25,2.2,Coffee,Organic brewed coffee,Brazilian Sm,2.2,11,Mon,0,Jan,Morning,Weekday,Small Purchase
656,1/2/2023,2026-07-22T11:10:15.000Z,2,8,Hell's Kitchen,29,2.5,Coffee,Gourmet brewed coffee,Columbian Medium Roast Rg,5,11,Mon,0,Jan,Morning,Weekday,Small Purchase
657,1/2/2023,2026-07-22T11:11:23.000Z,2,3,Astoria,26,3,Coffee,Organic brewed coffee,Brazilian Rg,6,11,Mon,0,Jan,Morning,Weekday,Small Purchase
658,1/2/2023,2026-07-22T11:12:05.000Z,1,8,Hell's Kitchen,41,4.25,Coffee,Barista Espresso,Cappuccino Lg,4.25,11,Mon,0,Jan,Morning,Weekday,Small Purchase
659,1/2/2023,2026-07-22T11:12:33.000Z,1,5,Lower Manhattan,46,2.5,Tea,Brewed Green tea,Serenity Green Tea Rg,2.5,11,Mon,0,Jan,Morning,Weekday,Small Purchase
660,1/2/2023,2026-07-22T11:13:01.000Z,2,3,Astoria,22,2,Coffee,Drip coffee,Our Old Time Diner Blend Sm,4,11,Mon,0,Jan,Morning,Weekday,Small Purchase
661,1/2/2023,2026-07-22T11:13:37.000Z,1,8,Hell's Kitchen,50,2.5,Tea,Brewed Black tea,Earl Grey Rg,2.5,11,Mon,0,Jan,Morning,Weekday,Small Purchase
662,1/2/2023,2026-07-22T11:14:15.000Z,2,3,Astoria,32,3,Coffee,Gourmet brewed coffee,Ethiopia Rg,6,11,Mon,0,Jan,Morning,Weekday,Small Purchase
663,1/2/2023,2026-07-22T11:15:12.000Z,1,3,Astoria,40,3.75,Coffee,Barista Espresso,Cappuccino,3.75,11,Mon,0,Jan,Morning,Weekday,Small Purchase
664,1/2/2023,2026-07-22T11:15:28.000Z,1,3,Astoria,30,3,Coffee,Gourmet brewed coffee,Columbian Medium Roast Lg,3,11,Mon,0,Jan,Morning,Weekday,Small Purchase
665,1/2/2023,2026-07-22T11:15:40.000Z,1,3,Astoria,42,2.5,Tea,Brewed herbal tea,Lemon Grass Rg,2.5,11,Mon,0,Jan,Morning,Weekday,Small Purchase
666,1/2/2023,2026-07-22T11:16:51.000Z,2,3,Astoria,31,2.2,Coffee,Gourmet brewed coffee,Ethiopia Sm,4.4,11,Mon,0,Jan,Morning,Weekday,Small Purchase
667,1/2/2023,2026-07-22T11:16:51.000Z,1,3,Astoria,75,3.5,Bakery,Pastry,Croissant,3.5,11,Mon,0,Jan,Morning,Weekday,Small Purchase
668,1/2/2023,2026-07-22T11:18:12.000Z,2,3,Astoria,36,3.75,Coffee,Premium brewed coffee,Jamaican Coffee River Lg,7.5,11,Mon,0,Jan,Morning,Weekday,Small Purchase
669,1/2/2023,2026-07-22T11:18:25.000Z,2,3,Astoria,52,2.5,Tea,Brewed Chai tea,Traditional Blend Chai Rg,5,11,Mon,0,Jan,Morning,Weekday,Small Purchase
670,1/2/2023,2026-07-22T11:19:12.000Z,2,3,Astoria,30,3,Coffee,Gourmet brewed coffee,Columbian Medium Roast Lg,6,11,Mon,0,Jan,Morning,Weekday,Small Purchase
671,1/2/2023,2026-07-22T11:19:42.000Z,1,8,Hell's Kitchen,35,3.1,Coffee,Premium brewed coffee,Jamaican Coffee River Rg,3.1,11,Mon,0,Jan,Morning,Weekday,Small Purchase
672,1/2/2023,2026-07-22T11:21:43.000Z,2,3,Astoria,29,2.5,Coffee,Gourmet brewed coffee,Columbian Medium Roast Rg,5,11,Mon,0,Jan,Morning,Weekday,Small Purchase
673,1/2/2023,2026-07-22T11:21:49.000Z,2,3,Astoria,38,3.75,Coffee,Barista Espresso,Latte,7.5,11,Mon,0,Jan,Morning,Weekday,Small Purchase
674,1/2/2023,2026-07-22T11:22:46.000Z,1,3,Astoria,53,3,Tea,Brewed Chai tea,Traditional Blend Chai Lg,3,11,Mon,0,Jan,Morning,Weekday,Small Purchase
675,1/2/2023,2026-07-22T11:25:20.000Z,2,5,Lower Manhattan,54,2.5,Tea,Brewed Chai tea,Morning Sunrise Chai Rg,5,11,Mon,0,Jan,Morning,Weekday,Small Purchase
676,1/2/2023,2026-07-22T11:27:35.000Z,2,5,Lower Manhattan,48,2.5,Tea,Brewed Black tea,English Breakfast Rg,5,11,Mon,0,Jan,Morning,Weekday,Small Purchase
677,1/2/2023,2026-07-22T11:32:11.000Z,2,8,Hell's Kitchen,47,3,Tea,Brewed Green tea,Serenity Green Tea Lg,6,11,Mon,0,Jan,Morning,Weekday,Small Purchase
678,1/2/2023,2026-07-22T11:34:44.000Z,1,8,Hell's Kitchen,43,3,Tea,Brewed herbal tea,Lemon Grass Lg,3,11,Mon,0,Jan,Morning,Weekday,Small Purchase
679,1/2/2023,2026-07-22T11:35:02.000Z,1,3,Astoria,49,3,Tea,Brewed Black tea,English Breakfast Lg,3,11,Mon,0,Jan,Morning,Weekday,Small Purchase
680,1/2/2023,2026-07-22T11:35:02.000Z,1,3,Astoria,79,3.75,Bakery,Scone,Jumbo Savory Scone,3.75,11,Mon,0,Jan,Morning,Weekday,Small Purchase
681,1/2/2023,2026-07-22T11:35:14.000Z,2,3,Astoria,25,2.2,Coffee,Organic brewed coffee,Brazilian Sm,4.4,11,Mon,0,Jan,Morning,Weekday,Small Purchase
682,1/2/2023,2026-07-22T11:35:14.000Z,1,3,Astoria,69,3.25,Bakery,Biscotti,Hazelnut Biscotti,3.25,11,Mon,0,Jan,Morning,Weekday,Small Purchase
683,1/2/2023,2026-07-22T11:36:50.000Z,2,5,Lower Manhattan,58,3.5,Drinking Chocolate,Hot chocolate,Dark chocolate Rg,7,11,Mon,0,Jan,Morning,Weekday,Small Purchase
684,1/2/2023,2026-07-22T11:38:23.000Z,2,3,Astoria,24,3,Coffee,Drip coffee,Our Old Time Diner Blend Lg,6,11,Mon,0,Jan,Morning,Weekday,Small Purchase
685,1/2/2023,2026-07-22T11:39:11.000Z,2,5,Lower Manhattan,42,2.5,Tea,Brewed herbal tea,Lemon Grass Rg,5,11,Mon,0,Jan,Morning,Weekday,Small Purchase
686,1/2/2023,2026-07-22T11:39:11.000Z,1,5,Lower Manhattan,74,3.5,Bakery,Biscotti,Ginger Biscotti,3.5,11,Mon,0,Jan,Morning,Weekday,Small Purchase
687,1/2/2023,2026-07-22T11:40:12.000Z,2,8,Hell's Kitchen,45,3,Tea,Brewed herbal tea,Peppermint Lg,6,11,Mon,0,Jan,Morning,Weekday,Small Purchase
688,1/2/2023,2026-07-22T11:41:54.000Z,1,5,Lower Manhattan,48,2.5,Tea,Brewed Black tea,English Breakfast Rg,2.5,11,Mon,0,Jan,Morning,Weekday,Small Purchase
689,1/2/2023,2026-07-22T11:42:36.000Z,2,8,Hell's Kitchen,45,3,Tea,Brewed herbal tea,Peppermint Lg,6,11,Mon,0,Jan,Morning,Weekday,Small Purchase
690,1/2/2023,2026-07-22T11:42:36.000Z,1,8,Hell's Kitchen,72,3.25,Bakery,Scone,Ginger Scone,3.25,11,Mon,0,Jan,Morning,Weekday,Small Purchase
691,1/2/2023,2026-07-22T11:43:04.000Z,2,3,Astoria,26,3,Coffee,Organic brewed coffee,Brazilian Rg,6,11,Mon,0,Jan,Morning,Weekday,Small Purchase
692,1/2/2023,2026-07-22T11:49:10.000Z,1,5,Lower Manhattan,44,2.5,Tea,Brewed herbal tea,Peppermint Rg,2.5,11,Mon,0,Jan,Morning,Weekday,Small Purchase
693,1/2/2023,2026-07-22T11:50:18.000Z,1,8,Hell's Kitchen,33,3.5,Coffee,Gourmet brewed coffee,Ethiopia Lg,3.5,11,Mon,0,Jan,Morning,Weekday,Small Purchase
694,1/2/2023,2026-07-22T11:50:32.000Z,1,8,Hell's Kitchen,33,3.5,Coffee,Gourmet brewed coffee,Ethiopia Lg,3.5,11,Mon,0,Jan,Morning,Weekday,Small Purchase
695,1/2/2023,2026-07-22T11:53:48.000Z,2,8,Hell's Kitchen,48,2.5,Tea,Brewed Black tea,English Breakfast Rg,5,11,Mon,0,Jan,Morning,Weekday,Small Purchase
696,1/2/2023,2026-07-22T11:53:54.000Z,2,8,Hell's Kitchen,59,4.5,Drinking Chocolate,Hot chocolate,Dark chocolate Lg,9,11,Mon,0,Jan,Morning,Weekday,Small Purchase
697,1/2/2023,2026-07-22T11:54:01.000Z,2,5,Lower Manhattan,43,3,Tea,Brewed herbal tea,Lemon Grass Lg,6,11,Mon,0,Jan,Morning,Weekday,Small Purchase
698,1/2/2023,2026-07-22T11:54:30.000Z,1,3,Astoria,26,3,Coffee,Organic brewed coffee,Brazilian Rg,3,11,Mon,0,Jan,Morning,Weekday,Small Purchase
699,1/2/2023,2026-07-22T11:55:31.000Z,1,3,Astoria,53,3,Tea,Brewed Chai tea,Traditional Blend Chai Lg,3,11,Mon,0,Jan,Morning,Weekday,Small Purchase
700,1/2/2023,2026-07-22T11:56:26.000Z,1,8,Hell's Kitchen,28,2,Coffee,Gourmet brewed coffee,Columbian Medium Roast Sm,2,11,Mon,0,Jan,Morning,Weekday,Small Purchase
701,1/2/2023,2026-07-22T11:56:58.000Z,1,8,Hell's Kitchen,37,3,Coffee,Barista Espresso,Espresso shot,3,11,Mon,0,Jan,Morning,Weekday,Small Purchase
702,1/2/2023,2026-07-22T11:56:58.000Z,1,8,Hell's Kitchen,78,4.5,Bakery,Scone,Scottish Cream Scone ,4.5,11,Mon,0,Jan,Morning,Weekday,Small Purchase
703,1/2/2023,2026-07-22T11:58:49.000Z,2,8,Hell's Kitchen,35,3.1,Coffee,Premium brewed coffee,Jamaican Coffee River Rg,6.2,11,Mon,0,Jan,Morning,Weekday,Small Purchase
704,1/2/2023,2026-07-22T11:58:49.000Z,1,8,Hell's Kitchen,71,3.75,Bakery,Pastry,Chocolate Croissant,3.75,11,Mon,0,Jan,Morning,Weekday,Small Purchase
705,1/2/2023,2026-07-22T12:01:50.000Z,1,3,Astoria,53,3,Tea,Brewed Chai tea,Traditional Blend Chai Lg,3,12,Mon,0,Jan,Afternoon,Weekday,Small Purchase
706,1/2/2023,2026-07-22T12:03:47.000Z,1,3,Astoria,23,2.5,Coffee,Drip coffee,Our Old Time Diner Blend Rg,2.5,12,Mon,0,Jan,Afternoon,Weekday,Small Purchase
707,1/2/2023,2026-07-22T12:06:18.000Z,1,3,Astoria,32,3,Coffee,Gourmet brewed coffee,Ethiopia Rg,3,12,Mon,0,Jan,Afternoon,Weekday,Small Purchase
708,1/2/2023,2026-07-22T12:12:01.000Z,2,3,Astoria,24,3,Coffee,Drip coffee,Our Old Time Diner Blend Lg,6,12,Mon,0,Jan,Afternoon,Weekday,Small Purchase
709,1/2/2023,2026-07-22T12:12:44.000Z,1,3,Astoria,42,2.5,Tea,Brewed herbal tea,Lemon Grass Rg,2.5,12,Mon,0,Jan,Afternoon,Weekday,Small Purchase
710,1/2/2023,2026-07-22T12:14:00.000Z,1,8,Hell's Kitchen,54,2.5,Tea,Brewed Chai tea,Morning Sunrise Chai Rg,2.5,12,Mon,0,Jan,Afternoon,Weekday,Small Purchase
711,1/2/2023,2026-07-22T12:18:13.000Z,1,3,Astoria,55,4,Tea,Brewed Chai tea,Morning Sunrise Chai Lg,4,12,Mon,0,Jan,Afternoon,Weekday,Small Purchase
712,1/2/2023,2026-07-22T12:18:22.000Z,2,3,Astoria,25,2.2,Coffee,Organic brewed coffee,Brazilian Sm,4.4,12,Mon,0,Jan,Afternoon,Weekday,Small Purchase
713,1/2/2023,2026-07-22T12:18:22.000Z,1,3,Astoria,79,3.75,Bakery,Scone,Jumbo Savory Scone,3.75,12,Mon,0,Jan,Afternoon,Weekday,Small Purchase
714,1/2/2023,2026-07-22T12:20:43.000Z,1,5,Lower Manhattan,47,3,Tea,Brewed Green tea,Serenity Green Tea Lg,3,12,Mon,0,Jan,Afternoon,Weekday,Small Purchase
715,1/2/2023,2026-07-22T12:20:43.000Z,1,5,Lower Manhattan,71,3.75,Bakery,Pastry,Chocolate Croissant,3.75,12,Mon,0,Jan,Afternoon,Weekday,Small Purchase
716,1/2/2023,2026-07-22T12:21:38.000Z,1,8,Hell's Kitchen,48,2.5,Tea,Brewed Black tea,English Breakfast Rg,2.5,12,Mon,0,Jan,Afternoon,Weekday,Small Purchase
717,1/2/2023,2026-07-22T12:21:39.000Z,1,3,Astoria,49,3,Tea,Brewed Black tea,English Breakfast Lg,3,12,Mon,0,Jan,Afternoon,Weekday,Small Purchase
718,1/2/2023,2026-07-22T12:21:58.000Z,2,3,Astoria,53,3,Tea,Brewed Chai tea,Traditional Blend Chai Lg,6,12,Mon,0,Jan,Afternoon,Weekday,Small Purchase
719,1/2/2023,2026-07-22T12:22:04.000Z,1,3,Astoria,22,2,Coffee,Drip coffee,Our Old Time Diner Blend Sm,2,12,Mon,0,Jan,Afternoon,Weekday,Small Purchase
720,1/2/2023,2026-07-22T12:22:12.000Z,1,5,Lower Manhattan,55,4,Tea,Brewed Chai tea,Morning Sunrise Chai Lg,4,12,Mon,0,Jan,Afternoon,Weekday,Small Purchase
721,1/2/2023,2026-07-22T12:22:12.000Z,1,5,Lower Manhattan,79,3.75,Bakery,Scone,Jumbo Savory Scone,3.75,12,Mon,0,Jan,Afternoon,Weekday,Small Purchase
722,1/2/2023,2026-07-22T12:23:03.000Z,1,5,Lower Manhattan,22,2,Coffee,Drip coffee,Our Old Time Diner Blend Sm,2,12,Mon,0,Jan,Afternoon,Weekday,Small Purchase
723,1/2/2023,2026-07-22T12:23:30.000Z,1,3,Astoria,43,3,Tea,Brewed herbal tea,Lemon Grass Lg,3,12,Mon,0,Jan,Afternoon,Weekday,Small Purchase
724,1/2/2023,2026-07-22T12:23:30.000Z,1,3,Astoria,78,4.5,Bakery,Scone,Scottish Cream Scone ,4.5,12,Mon,0,Jan,Afternoon,Weekday,Small Purchase
725,1/2/2023,2026-07-22T12:24:39.000Z,2,5,Lower Manhattan,33,3.5,Coffee,Gourmet brewed coffee,Ethiopia Lg,7,12,Mon,0,Jan,Afternoon,Weekday,Small Purchase
726,1/2/2023,2026-07-22T12:24:39.000Z,1,5,Lower Manhattan,69,3.25,Bakery,Biscotti,Hazelnut Biscotti,3.25,12,Mon,0,Jan,Afternoon,Weekday,Small Purchase
727,1/2/2023,2026-07-22T12:25:03.000Z,1,3,Astoria,24,3,Coffee,Drip coffee,Our Old Time Diner Blend Lg,3,12,Mon,0,Jan,Afternoon,Weekday,Small Purchase
728,1/2/2023,2026-07-22T12:25:24.000Z,2,5,Lower Manhattan,56,2.55,Tea,Brewed Chai tea,Spicy Eye Opener Chai Rg,5.1,12,Mon,0,Jan,Afternoon,Weekday,Small Purchase
729,1/2/2023,2026-07-22T12:26:13.000Z,2,5,Lower Manhattan,25,2.2,Coffee,Organic brewed coffee,Brazilian Sm,4.4,12,Mon,0,Jan,Afternoon,Weekday,Small Purchase
730,1/2/2023,2026-07-22T12:26:13.000Z,1,5,Lower Manhattan,78,4.5,Bakery,Scone,Scottish Cream Scone ,4.5,12,Mon,0,Jan,Afternoon,Weekday,Small Purchase
731,1/2/2023,2026-07-22T12:26:18.000Z,1,8,Hell's Kitchen,28,2,Coffee,Gourmet brewed coffee,Columbian Medium Roast Sm,2,12,Mon,0,Jan,Afternoon,Weekday,Small Purchase
732,1/2/2023,2026-07-22T12:27:01.000Z,1,8,Hell's Kitchen,60,3.75,Drinking Chocolate,Hot chocolate,Sustainably Grown Organic Rg,3.75,12,Mon,0,Jan,Afternoon,Weekday,Small Purchase
733,1/2/2023,2026-07-22T12:28:08.000Z,2,3,Astoria,51,3,Tea,Brewed Black tea,Earl Grey Lg,6,12,Mon,0,Jan,Afternoon,Weekday,Small Purchase
734,1/2/2023,2026-07-22T12:28:25.000Z,1,3,Astoria,60,3.75,Drinking Chocolate,Hot chocolate,Sustainably Grown Organic Rg,3.75,12,Mon,0,Jan,Afternoon,Weekday,Small Purchase
735,1/2/2023,2026-07-22T12:29:07.000Z,1,3,Astoria,24,3,Coffee,Drip coffee,Our Old Time Diner Blend Lg,3,12,Mon,0,Jan,Afternoon,Weekday,Small Purchase
736,1/2/2023,2026-07-22T12:30:43.000Z,2,3,Astoria,50,2.5,Tea,Brewed Black tea,Earl Grey Rg,5,12,Mon,0,Jan,Afternoon,Weekday,Small Purchase
737,1/2/2023,2026-07-22T12:32:19.000Z,1,8,Hell's Kitchen,57,3.1,Tea,Brewed Chai tea,Spicy Eye Opener Chai Lg,3.1,12,Mon,0,Jan,Afternoon,Weekday,Small Purchase
738,1/2/2023,2026-07-22T12:33:04.000Z,2,3,Astoria,32,3,Coffee,Gourmet brewed coffee,Ethiopia Rg,6,12,Mon,0,Jan,Afternoon,Weekday,Small Purchase
739,1/2/2023,2026-07-22T12:34:00.000Z,1,3,Astoria,24,3,Coffee,Drip coffee,Our Old Time Diner Blend Lg,3,12,Mon,0,Jan,Afternoon,Weekday,Small Purchase
740,1/2/2023,2026-07-22T12:36:06.000Z,1,8,Hell's Kitchen,43,3,Tea,Brewed herbal tea,Lemon Grass Lg,3,12,Mon,0,Jan,Afternoon,Weekday,Small Purchase
741,1/2/2023,2026-07-22T12:36:37.000Z,1,5,Lower Manhattan,25,2.2,Coffee,Organic brewed coffee,Brazilian Sm,2.2,12,Mon,0,Jan,Afternoon,Weekday,Small Purchase
742,1/2/2023,2026-07-22T12:38:47.000Z,2,8,Hell's Kitchen,87,3,Coffee,Barista Espresso,Ouro Brasileiro shot,6,12,Mon,0,Jan,Afternoon,Weekday,Small Purchase
743,1/2/2023,2026-07-22T12:38:51.000Z,1,3,Astoria,56,2.55,Tea,Brewed Chai tea,Spicy Eye Opener Chai Rg,2.55,12,Mon,0,Jan,Afternoon,Weekday,Small Purchase
744,1/2/2023,2026-07-22T12:39:04.000Z,2,5,Lower Manhattan,87,3,Coffee,Barista Espresso,Ouro Brasileiro shot,6,12,Mon,0,Jan,Afternoon,Weekday,Small Purchase
745,1/2/2023,2026-07-22T12:41:28.000Z,1,8,Hell's Kitchen,87,3,Coffee,Barista Espresso,Ouro Brasileiro shot,3,12,Mon,0,Jan,Afternoon,Weekday,Small Purchase
746,1/2/2023,2026-07-22T12:42:19.000Z,1,5,Lower Manhattan,52,2.5,Tea,Brewed Chai tea,Traditional Blend Chai Rg,2.5,12,Mon,0,Jan,Afternoon,Weekday,Small Purchase
747,1/2/2023,2026-07-22T12:42:47.000Z,1,8,Hell's Kitchen,60,3.75,Drinking Chocolate,Hot chocolate,Sustainably Grown Organic Rg,3.75,12,Mon,0,Jan,Afternoon,Weekday,Small Purchase
748,1/2/2023,2026-07-22T12:45:02.000Z,1,5,Lower Manhattan,26,3,Coffee,Organic brewed coffee,Brazilian Rg,3,12,Mon,0,Jan,Afternoon,Weekday,Small Purchase
749,1/2/2023,2026-07-22T12:46:04.000Z,2,3,Astoria,46,2.5,Tea,Brewed Green tea,Serenity Green Tea Rg,5,12,Mon,0,Jan,Afternoon,Weekday,Small Purchase
750,1/2/2023,2026-07-22T12:47:49.000Z,2,3,Astoria,46,2.5,Tea,Brewed Green tea,Serenity Green Tea Rg,5,12,Mon,0,Jan,Afternoon,Weekday,Small Purchase
751,1/2/2023,2026-07-22T12:53:16.000Z,2,8,Hell's Kitchen,22,2,Coffee,Drip coffee,Our Old Time Diner Blend Sm,4,12,Mon,0,Jan,Afternoon,Weekday,Small Purchase
752,1/2/2023,2026-07-22T12:54:07.000Z,1,5,Lower Manhattan,58,3.5,Drinking Chocolate,Hot chocolate,Dark chocolate Rg,3.5,12,Mon,0,Jan,Afternoon,Weekday,Small Purchase
753,1/2/2023,2026-07-22T12:54:07.000Z,1,5,Lower Manhattan,77,3,Bakery,Scone,Oatmeal Scone,3,12,Mon,0,Jan,Afternoon,Weekday,Small Purchase
754,1/2/2023,2026-07-22T12:54:53.000Z,2,5,Lower Manhattan,52,2.5,Tea,Brewed Chai tea,Traditional Blend Chai Rg,5,12,Mon,0,Jan,Afternoon,Weekday,Small Purchase
755,1/2/2023,2026-07-22T12:55:19.000Z,1,3,Astoria,52,2.5,Tea,Brewed Chai tea,Traditional Blend Chai Rg,2.5,12,Mon,0,Jan,Afternoon,Weekday,Small Purchase
756,1/2/2023,2026-07-22T12:57:55.000Z,2,8,Hell's Kitchen,30,3,Coffee,Gourmet brewed coffee,Columbian Medium Roast Lg,6,12,Mon,0,Jan,Afternoon,Weekday,Small Purchase
757,1/2/2023,2026-07-22T12:58:04.000Z,2,3,Astoria,53,3,Tea,Brewed Chai tea,Traditional Blend Chai Lg,6,12,Mon,0,Jan,Afternoon,Weekday,Small Purchase
758,1/2/2023,2026-07-22T12:58:38.000Z,2,8,Hell's Kitchen,26,3,Coffee,Organic brewed coffee,Brazilian Rg,6,12,Mon,0,Jan,Afternoon,Weekday,Small Purchase
759,1/2/2023,2026-07-22T12:58:57.000Z,1,8,Hell's Kitchen,35,3.1,Coffee,Premium brewed coffee,Jamaican Coffee River Rg,3.1,12,Mon,0,Jan,Afternoon,Weekday,Small Purchase
760,1/2/2023,2026-07-22T12:59:28.000Z,1,8,Hell's Kitchen,47,3,Tea,Brewed Green tea,Serenity Green Tea Lg,3,12,Mon,0,Jan,Afternoon,Weekday,Small Purchase
761,1/2/2023,2026-07-22T12:59:45.000Z,2,3,Astoria,24,3,Coffee,Drip coffee,Our Old Time Diner Blend Lg,6,12,Mon,0,Jan,Afternoon,Weekday,Small Purchase
762,1/2/2023,2026-07-22T13:02:03.000Z,2,3,Astoria,27,3.5,Coffee,Organic brewed coffee,Brazilian Lg,7,13,Mon,0,Jan,Afternoon,Weekday,Small Purchase
763,1/2/2023,2026-07-22T13:03:14.000Z,2,8,Hell's Kitchen,40,3.75,Coffee,Barista Espresso,Cappuccino,7.5,13,Mon,0,Jan,Afternoon,Weekday,Small Purchase
764,1/2/2023,2026-07-22T13:03:14.000Z,1,8,Hell's Kitchen,76,3.5,Bakery,Biscotti,Chocolate Chip Biscotti,3.5,13,Mon,0,Jan,Afternoon,Weekday,Small Purchase
765,1/2/2023,2026-07-22T13:03:33.000Z,2,5,Lower Manhattan,22,2,Coffee,Drip coffee,Our Old Time Diner Blend Sm,4,13,Mon,0,Jan,Afternoon,Weekday,Small Purchase
766,1/2/2023,2026-07-22T13:03:53.000Z,2,3,Astoria,28,2,Coffee,Gourmet brewed coffee,Columbian Medium Roast Sm,4,13,Mon,0,Jan,Afternoon,Weekday,Small Purchase
767,1/2/2023,2026-07-22T13:04:02.000Z,1,8,Hell's Kitchen,49,3,Tea,Brewed Black tea,English Breakfast Lg,3,13,Mon,0,Jan,Afternoon,Weekday,Small Purchase
768,1/2/2023,2026-07-22T13:04:56.000Z,2,3,Astoria,27,3.5,Coffee,Organic brewed coffee,Brazilian Lg,7,13,Mon,0,Jan,Afternoon,Weekday,Small Purchase
769,1/2/2023,2026-07-22T13:05:41.000Z,1,3,Astoria,61,4.75,Drinking Chocolate,Hot chocolate,Sustainably Grown Organic Lg,4.75,13,Mon,0,Jan,Afternoon,Weekday,Small Purchase
770,1/2/2023,2026-07-22T13:09:27.000Z,1,5,Lower Manhattan,51,3,Tea,Brewed Black tea,Earl Grey Lg,3,13,Mon,0,Jan,Afternoon,Weekday,Small Purchase
771,1/2/2023,2026-07-22T13:09:27.000Z,1,5,Lower Manhattan,70,3.25,Bakery,Scone,Cranberry Scone,3.25,13,Mon,0,Jan,Afternoon,Weekday,Small Purchase
772,1/2/2023,2026-07-22T13:10:17.000Z,1,8,Hell's Kitchen,33,3.5,Coffee,Gourmet brewed coffee,Ethiopia Lg,3.5,13,Mon,0,Jan,Afternoon,Weekday,Small Purchase
773,1/2/2023,2026-07-22T13:10:17.000Z,1,8,Hell's Kitchen,78,4.5,Bakery,Scone,Scottish Cream Scone ,4.5,13,Mon,0,Jan,Afternoon,Weekday,Small Purchase
774,1/2/2023,2026-07-22T13:10:41.000Z,2,8,Hell's Kitchen,43,3,Tea,Brewed herbal tea,Lemon Grass Lg,6,13,Mon,0,Jan,Afternoon,Weekday,Small Purchase
775,1/2/2023,2026-07-22T13:14:54.000Z,2,5,Lower Manhattan,31,2.2,Coffee,Gourmet brewed coffee,Ethiopia Sm,4.4,13,Mon,0,Jan,Afternoon,Weekday,Small Purchase
776,1/2/2023,2026-07-22T13:15:40.000Z,1,5,Lower Manhattan,24,3,Coffee,Drip coffee,Our Old Time Diner Blend Lg,3,13,Mon,0,Jan,Afternoon,Weekday,Small Purchase
777,1/2/2023,2026-07-22T13:21:09.000Z,2,3,Astoria,46,2.5,Tea,Brewed Green tea,Serenity Green Tea Rg,5,13,Mon,0,Jan,Afternoon,Weekday,Small Purchase
778,1/2/2023,2026-07-22T13:21:23.000Z,2,8,Hell's Kitchen,50,2.5,Tea,Brewed Black tea,Earl Grey Rg,5,13,Mon,0,Jan,Afternoon,Weekday,Small Purchase
779,1/2/2023,2026-07-22T13:23:18.000Z,2,3,Astoria,39,4.25,Coffee,Barista Espresso,Latte Rg,8.5,13,Mon,0,Jan,Afternoon,Weekday,Small Purchase
780,1/2/2023,2026-07-22T13:23:38.000Z,1,3,Astoria,44,2.5,Tea,Brewed herbal tea,Peppermint Rg,2.5,13,Mon,0,Jan,Afternoon,Weekday,Small Purchase
781,1/2/2023,2026-07-22T13:24:33.000Z,2,3,Astoria,31,2.2,Coffee,Gourmet brewed coffee,Ethiopia Sm,4.4,13,Mon,0,Jan,Afternoon,Weekday,Small Purchase
782,1/2/2023,2026-07-22T13:25:02.000Z,1,8,Hell's Kitchen,57,3.1,Tea,Brewed Chai tea,Spicy Eye Opener Chai Lg,3.1,13,Mon,0,Jan,Afternoon,Weekday,Small Purchase
783,1/2/2023,2026-07-22T13:26:47.000Z,1,3,Astoria,47,3,Tea,Brewed Green tea,Serenity Green Tea Lg,3,13,Mon,0,Jan,Afternoon,Weekday,Small Purchase
784,1/2/2023,2026-07-22T13:28:24.000Z,2,8,Hell's Kitchen,44,2.5,Tea,Brewed herbal tea,Peppermint Rg,5,13,Mon,0,Jan,Afternoon,Weekday,Small Purchase
785,1/2/2023,2026-07-22T13:29:51.000Z,1,3,Astoria,38,3.75,Coffee,Barista Espresso,Latte,3.75,13,Mon,0,Jan,Afternoon,Weekday,Small Purchase
786,1/2/2023,2026-07-22T13:29:59.000Z,1,3,Astoria,56,2.55,Tea,Brewed Chai tea,Spicy Eye Opener Chai Rg,2.55,13,Mon,0,Jan,Afternoon,Weekday,Small Purchase
787,1/2/2023,2026-07-22T13:30:00.000Z,2,3,Astoria,27,3.5,Coffee,Organic brewed coffee,Brazilian Lg,7,13,Mon,0,Jan,Afternoon,Weekday,Small Purchase
788,1/2/2023,2026-07-22T13:30:00.000Z,1,3,Astoria,76,3.5,Bakery,Biscotti,Chocolate Chip Biscotti,3.5,13,Mon,0,Jan,Afternoon,Weekday,Small Purchase
789,1/2/2023,2026-07-22T13:30:05.000Z,1,8,Hell's Kitchen,50,2.5,Tea,Brewed Black tea,Earl Grey Rg,2.5,13,Mon,0,Jan,Afternoon,Weekday,Small Purchase
790,1/2/2023,2026-07-22T13:30:15.000Z,1,3,Astoria,30,3,Coffee,Gourmet brewed coffee,Columbian Medium Roast Lg,3,13,Mon,0,Jan,Afternoon,Weekday,Small Purchase
791,1/2/2023,2026-07-22T13:30:30.000Z,2,3,Astoria,39,4.25,Coffee,Barista Espresso,Latte Rg,8.5,13,Mon,0,Jan,Afternoon,Weekday,Small Purchase
792,1/2/2023,2026-07-22T13:30:30.000Z,1,8,Hell's Kitchen,31,2.2,Coffee,Gourmet brewed coffee,Ethiopia Sm,2.2,13,Mon,0,Jan,Afternoon,Weekday,Small Purchase
793,1/2/2023,2026-07-22T13:34:02.000Z,1,8,Hell's Kitchen,23,2.5,Coffee,Drip coffee,Our Old Time Diner Blend Rg,2.5,13,Mon,0,Jan,Afternoon,Weekday,Small Purchase
794,1/2/2023,2026-07-22T13:35:24.000Z,2,5,Lower Manhattan,32,3,Coffee,Gourmet brewed coffee,Ethiopia Rg,6,13,Mon,0,Jan,Afternoon,Weekday,Small Purchase
795,1/2/2023,2026-07-22T13:35:24.000Z,2,8,Hell's Kitchen,30,3,Coffee,Gourmet brewed coffee,Columbian Medium Roast Lg,6,13,Mon,0,Jan,Afternoon,Weekday,Small Purchase
796,1/2/2023,2026-07-22T13:39:11.000Z,2,3,Astoria,23,2.5,Coffee,Drip coffee,Our Old Time Diner Blend Rg,5,13,Mon,0,Jan,Afternoon,Weekday,Small Purchase
797,1/2/2023,2026-07-22T13:40:11.000Z,1,3,Astoria,39,4.25,Coffee,Barista Espresso,Latte Rg,4.25,13,Mon,0,Jan,Afternoon,Weekday,Small Purchase
798,1/2/2023,2026-07-22T13:40:36.000Z,2,8,Hell's Kitchen,47,3,Tea,Brewed Green tea,Serenity Green Tea Lg,6,13,Mon,0,Jan,Afternoon,Weekday,Small Purchase
799,1/2/2023,2026-07-22T13:40:53.000Z,1,5,Lower Manhattan,48,2.5,Tea,Brewed Black tea,English Breakfast Rg,2.5,13,Mon,0,Jan,Afternoon,Weekday,Small Purchase
800,1/2/2023,2026-07-22T13:40:53.000Z,1,5,Lower Manhattan,79,3.75,Bakery,Scone,Jumbo Savory Scone,3.75,13,Mon,0,Jan,Afternoon,Weekday,Small Purchase
801,1/2/2023,2026-07-22T13:42:07.000Z,1,8,Hell's Kitchen,36,3.75,Coffee,Premium brewed coffee,Jamaican Coffee River Lg,3.75,13,Mon,0,Jan,Afternoon,Weekday,Small Purchase
802,1/2/2023,2026-07-22T13:47:24.000Z,1,3,Astoria,28,2,Coffee,Gourmet brewed coffee,Columbian Medium Roast Sm,2,13,Mon,0,Jan,Afternoon,Weekday,Small Purchase
803,1/2/2023,2026-07-22T13:47:27.000Z,2,8,Hell's Kitchen,59,4.5,Drinking Chocolate,Hot chocolate,Dark chocolate Lg,9,13,Mon,0,Jan,Afternoon,Weekday,Small Purchase
804,1/2/2023,2026-07-22T13:48:27.000Z,2,8,Hell's Kitchen,26,3,Coffee,Organic brewed coffee,Brazilian Rg,6,13,Mon,0,Jan,Afternoon,Weekday,Small Purchase
805,1/2/2023,2026-07-22T13:48:27.000Z,1,8,Hell's Kitchen,73,3.75,Bakery,Pastry,Almond Croissant,3.75,13,Mon,0,Jan,Afternoon,Weekday,Small Purchase
806,1/2/2023,2026-07-22T13:51:33.000Z,1,3,Astoria,60,3.75,Drinking Chocolate,Hot chocolate,Sustainably Grown Organic Rg,3.75,13,Mon,0,Jan,Afternoon,Weekday,Small Purchase
807,1/2/2023,2026-07-22T13:51:33.000Z,1,3,Astoria,70,3.25,Bakery,Scone,Cranberry Scone,3.25,13,Mon,0,Jan,Afternoon,Weekday,Small Purchase
808,1/2/2023,2026-07-22T13:52:27.000Z,2,3,Astoria,54,2.5,Tea,Brewed Chai tea,Morning Sunrise Chai Rg,5,13,Mon,0,Jan,Afternoon,Weekday,Small Purchase
809,1/2/2023,2026-07-22T13:53:04.000Z,1,8,Hell's Kitchen,26,3,Coffee,Organic brewed coffee,Brazilian Rg,3,13,Mon,0,Jan,Afternoon,Weekday,Small Purchase
810,1/2/2023,2026-07-22T13:53:04.000Z,1,8,Hell's Kitchen,79,3.75,Bakery,Scone,Jumbo Savory Scone,3.75,13,Mon,0,Jan,Afternoon,Weekday,Small Purchase
811,1/2/2023,2026-07-22T13:55:38.000Z,1,8,Hell's Kitchen,23,2.5,Coffee,Drip coffee,Our Old Time Diner Blend Rg,2.5,13,Mon,0,Jan,Afternoon,Weekday,Small Purchase
812,1/2/2023,2026-07-22T13:55:38.000Z,1,8,Hell's Kitchen,71,3.75,Bakery,Pastry,Chocolate Croissant,3.75,13,Mon,0,Jan,Afternoon,Weekday,Small Purchase
813,1/2/2023,2026-07-22T13:56:19.000Z,1,5,Lower Manhattan,39,4.25,Coffee,Barista Espresso,Latte Rg,4.25,13,Mon,0,Jan,Afternoon,Weekday,Small Purchase
814,1/2/2023,2026-07-22T13:57:59.000Z,2,8,Hell's Kitchen,38,3.75,Coffee,Barista Espresso,Latte,7.5,13,Mon,0,Jan,Afternoon,Weekday,Small Purchase
815,1/2/2023,2026-07-22T13:58:30.000Z,2,3,Astoria,36,3.75,Coffee,Premium brewed coffee,Jamaican Coffee River Lg,7.5,13,Mon,0,Jan,Afternoon,Weekday,Small Purchase
816,1/2/2023,2026-07-22T13:58:36.000Z,1,3,Astoria,39,4.25,Coffee,Barista Espresso,Latte Rg,4.25,13,Mon,0,Jan,Afternoon,Weekday,Small Purchase
817,1/2/2023,2026-07-22T14:01:23.000Z,1,8,Hell's Kitchen,46,2.5,Tea,Brewed Green tea,Serenity Green Tea Rg,2.5,14,Mon,0,Jan,Afternoon,Weekday,Small Purchase
818,1/2/2023,2026-07-22T14:02:16.000Z,2,8,Hell's Kitchen,25,2.2,Coffee,Organic brewed coffee,Brazilian Sm,4.4,14,Mon,0,Jan,Afternoon,Weekday,Small Purchase
819,1/2/2023,2026-07-22T14:02:44.000Z,2,3,Astoria,22,2,Coffee,Drip coffee,Our Old Time Diner Blend Sm,4,14,Mon,0,Jan,Afternoon,Weekday,Small Purchase
820,1/2/2023,2026-07-22T14:03:27.000Z,1,3,Astoria,59,4.5,Drinking Chocolate,Hot chocolate,Dark chocolate Lg,4.5,14,Mon,0,Jan,Afternoon,Weekday,Small Purchase
821,1/2/2023,2026-07-22T14:05:27.000Z,1,5,Lower Manhattan,56,2.55,Tea,Brewed Chai tea,Spicy Eye Opener Chai Rg,2.55,14,Mon,0,Jan,Afternoon,Weekday,Small Purchase
822,1/2/2023,2026-07-22T14:05:27.000Z,1,5,Lower Manhattan,75,3.5,Bakery,Pastry,Croissant,3.5,14,Mon,0,Jan,Afternoon,Weekday,Small Purchase
823,1/2/2023,2026-07-22T14:07:17.000Z,1,3,Astoria,37,3,Coffee,Barista Espresso,Espresso shot,3,14,Mon,0,Jan,Afternoon,Weekday,Small Purchase
824,1/2/2023,2026-07-22T14:07:49.000Z,2,5,Lower Manhattan,60,3.75,Drinking Chocolate,Hot chocolate,Sustainably Grown Organic Rg,7.5,14,Mon,0,Jan,Afternoon,Weekday,Small Purchase
825,1/2/2023,2026-07-22T14:08:49.000Z,1,3,Astoria,40,3.75,Coffee,Barista Espresso,Cappuccino,3.75,14,Mon,0,Jan,Afternoon,Weekday,Small Purchase
826,1/2/2023,2026-07-22T14:11:08.000Z,1,5,Lower Manhattan,28,2,Coffee,Gourmet brewed coffee,Columbian Medium Roast Sm,2,14,Mon,0,Jan,Afternoon,Weekday,Small Purchase
827,1/2/2023,2026-07-22T14:12:00.000Z,1,8,Hell's Kitchen,46,2.5,Tea,Brewed Green tea,Serenity Green Tea Rg,2.5,14,Mon,0,Jan,Afternoon,Weekday,Small Purchase
828,1/2/2023,2026-07-22T14:12:07.000Z,2,5,Lower Manhattan,51,3,Tea,Brewed Black tea,Earl Grey Lg,6,14,Mon,0,Jan,Afternoon,Weekday,Small Purchase
829,1/2/2023,2026-07-22T14:12:35.000Z,2,3,Astoria,54,2.5,Tea,Brewed Chai tea,Morning Sunrise Chai Rg,5,14,Mon,0,Jan,Afternoon,Weekday,Small Purchase
830,1/2/2023,2026-07-22T14:12:35.000Z,1,3,Astoria,72,3.25,Bakery,Scone,Ginger Scone,3.25,14,Mon,0,Jan,Afternoon,Weekday,Small Purchase
831,1/2/2023,2026-07-22T14:13:26.000Z,1,8,Hell's Kitchen,55,4,Tea,Brewed Chai tea,Morning Sunrise Chai Lg,4,14,Mon,0,Jan,Afternoon,Weekday,Small Purchase
832,1/2/2023,2026-07-22T14:13:37.000Z,2,5,Lower Manhattan,25,2.2,Coffee,Organic brewed coffee,Brazilian Sm,4.4,14,Mon,0,Jan,Afternoon,Weekday,Small Purchase
833,1/2/2023,2026-07-22T14:14:26.000Z,2,3,Astoria,58,3.5,Drinking Chocolate,Hot chocolate,Dark chocolate Rg,7,14,Mon,0,Jan,Afternoon,Weekday,Small Purchase
834,1/2/2023,2026-07-22T14:17:08.000Z,1,3,Astoria,23,2.5,Coffee,Drip coffee,Our Old Time Diner Blend Rg,2.5,14,Mon,0,Jan,Afternoon,Weekday,Small Purchase
835,1/2/2023,2026-07-22T14:17:55.000Z,2,3,Astoria,61,4.75,Drinking Chocolate,Hot chocolate,Sustainably Grown Organic Lg,9.5,14,Mon,0,Jan,Afternoon,Weekday,Small Purchase
836,1/2/2023,2026-07-22T14:17:55.000Z,1,3,Astoria,75,3.5,Bakery,Pastry,Croissant,3.5,14,Mon,0,Jan,Afternoon,Weekday,Small Purchase
837,1/2/2023,2026-07-22T14:19:24.000Z,1,3,Astoria,49,3,Tea,Brewed Black tea,English Breakfast Lg,3,14,Mon,0,Jan,Afternoon,Weekday,Small Purchase
838,1/2/2023,2026-07-22T14:21:55.000Z,2,8,Hell's Kitchen,41,4.25,Coffee,Barista Espresso,Cappuccino Lg,8.5,14,Mon,0,Jan,Afternoon,Weekday,Small Purchase
839,1/2/2023,2026-07-22T14:24:46.000Z,1,3,Astoria,30,3,Coffee,Gourmet brewed coffee,Columbian Medium Roast Lg,3,14,Mon,0,Jan,Afternoon,Weekday,Small Purchase
840,1/2/2023,2026-07-22T14:25:35.000Z,1,8,Hell's Kitchen,31,2.2,Coffee,Gourmet brewed coffee,Ethiopia Sm,2.2,14,Mon,0,Jan,Afternoon,Weekday,Small Purchase
841,1/2/2023,2026-07-22T14:26:33.000Z,1,8,Hell's Kitchen,36,3.75,Coffee,Premium brewed coffee,Jamaican Coffee River Lg,3.75,14,Mon,0,Jan,Afternoon,Weekday,Small Purchase
842,1/2/2023,2026-07-22T14:29:35.000Z,2,3,Astoria,43,3,Tea,Brewed herbal tea,Lemon Grass Lg,6,14,Mon,0,Jan,Afternoon,Weekday,Small Purchase
843,1/2/2023,2026-07-22T14:29:35.000Z,1,3,Astoria,71,3.75,Bakery,Pastry,Chocolate Croissant,3.75,14,Mon,0,Jan,Afternoon,Weekday,Small Purchase
844,1/2/2023,2026-07-22T14:33:26.000Z,1,3,Astoria,22,2,Coffee,Drip coffee,Our Old Time Diner Blend Sm,2,14,Mon,0,Jan,Afternoon,Weekday,Small Purchase
845,1/2/2023,2026-07-22T14:33:58.000Z,2,5,Lower Manhattan,37,3,Coffee,Barista Espresso,Espresso shot,6,14,Mon,0,Jan,Afternoon,Weekday,Small Purchase
846,1/2/2023,2026-07-22T14:34:53.000Z,1,3,Astoria,48,2.5,Tea,Brewed Black tea,English Breakfast Rg,2.5,14,Mon,0,Jan,Afternoon,Weekday,Small Purchase
847,1/2/2023,2026-07-22T14:36:56.000Z,2,5,Lower Manhattan,87,3,Coffee,Barista Espresso,Ouro Brasileiro shot,6,14,Mon,0,Jan,Afternoon,Weekday,Small Purchase
848,1/2/2023,2026-07-22T14:37:44.000Z,2,8,Hell's Kitchen,52,2.5,Tea,Brewed Chai tea,Traditional Blend Chai Rg,5,14,Mon,0,Jan,Afternoon,Weekday,Small Purchase
849,1/2/2023,2026-07-22T14:39:18.000Z,1,8,Hell's Kitchen,24,3,Coffee,Drip coffee,Our Old Time Diner Blend Lg,3,14,Mon,0,Jan,Afternoon,Weekday,Small Purchase
850,1/2/2023,2026-07-22T14:40:25.000Z,2,3,Astoria,40,3.75,Coffee,Barista Espresso,Cappuccino,7.5,14,Mon,0,Jan,Afternoon,Weekday,Small Purchase
851,1/2/2023,2026-07-22T14:42:21.000Z,1,3,Astoria,47,3,Tea,Brewed Green tea,Serenity Green Tea Lg,3,14,Mon,0,Jan,Afternoon,Weekday,Small Purchase
852,1/2/2023,2026-07-22T14:42:21.000Z,1,3,Astoria,72,3.25,Bakery,Scone,Ginger Scone,3.25,14,Mon,0,Jan,Afternoon,Weekday,Small Purchase
853,1/2/2023,2026-07-22T14:44:28.000Z,2,5,Lower Manhattan,52,2.5,Tea,Brewed Chai tea,Traditional Blend Chai Rg,5,14,Mon,0,Jan,Afternoon,Weekday,Small Purchase
854,1/2/2023,2026-07-22T14:46:31.000Z,2,8,Hell's Kitchen,23,2.5,Coffee,Drip coffee,Our Old Time Diner Blend Rg,5,14,Mon,0,Jan,Afternoon,Weekday,Small Purchase
855,1/2/2023,2026-07-22T14:48:02.000Z,2,5,Lower Manhattan,27,3.5,Coffee,Organic brewed coffee,Brazilian Lg,7,14,Mon,0,Jan,Afternoon,Weekday,Small Purchase
856,1/2/2023,2026-07-22T14:48:05.000Z,1,5,Lower Manhattan,41,4.25,Coffee,Barista Espresso,Cappuccino Lg,4.25,14,Mon,0,Jan,Afternoon,Weekday,Small Purchase
857,1/2/2023,2026-07-22T14:48:53.000Z,1,8,Hell's Kitchen,32,3,Coffee,Gourmet brewed coffee,Ethiopia Rg,3,14,Mon,0,Jan,Afternoon,Weekday,Small Purchase
858,1/2/2023,2026-07-22T14:51:11.000Z,1,3,Astoria,36,3.75,Coffee,Premium brewed coffee,Jamaican Coffee River Lg,3.75,14,Mon,0,Jan,Afternoon,Weekday,Small Purchase
859,1/2/2023,2026-07-22T14:52:26.000Z,1,5,Lower Manhattan,46,2.5,Tea,Brewed Green tea,Serenity Green Tea Rg,2.5,14,Mon,0,Jan,Afternoon,Weekday,Small Purchase
860,1/2/2023,2026-07-22T14:52:26.000Z,1,5,Lower Manhattan,76,3.5,Bakery,Biscotti,Chocolate Chip Biscotti,3.5,14,Mon,0,Jan,Afternoon,Weekday,Small Purchase
861,1/2/2023,2026-07-22T14:54:33.000Z,2,3,Astoria,37,3,Coffee,Barista Espresso,Espresso shot,6,14,Mon,0,Jan,Afternoon,Weekday,Small Purchase
862,1/2/2023,2026-07-22T14:54:40.000Z,1,5,Lower Manhattan,87,3,Coffee,Barista Espresso,Ouro Brasileiro shot,3,14,Mon,0,Jan,Afternoon,Weekday,Small Purchase
863,1/2/2023,2026-07-22T14:54:46.000Z,2,5,Lower Manhattan,52,2.5,Tea,Brewed Chai tea,Traditional Blend Chai Rg,5,14,Mon,0,Jan,Afternoon,Weekday,Small Purchase
864,1/2/2023,2026-07-22T14:55:38.000Z,2,8,Hell's Kitchen,36,3.75,Coffee,Premium brewed coffee,Jamaican Coffee River Lg,7.5,14,Mon,0,Jan,Afternoon,Weekday,Small Purchase
865,1/2/2023,2026-07-22T14:58:21.000Z,2,8,Hell's Kitchen,87,3,Coffee,Barista Espresso,Ouro Brasileiro shot,6,14,Mon,0,Jan,Afternoon,Weekday,Small Purchase
866,1/2/2023,2026-07-22T14:58:28.000Z,2,8,Hell's Kitchen,46,2.5,Tea,Brewed Green tea,Serenity Green Tea Rg,5,14,Mon,0,Jan,Afternoon,Weekday,Small Purchase
867,1/2/2023,2026-07-22T14:59:08.000Z,1,8,Hell's Kitchen,30,3,Coffee,Gourmet brewed coffee,Columbian Medium Roast Lg,3,14,Mon,0,Jan,Afternoon,Weekday,Small Purchase
868,1/2/2023,2026-07-22T15:03:12.000Z,2,3,Astoria,26,3,Coffee,Organic brewed coffee,Brazilian Rg,6,15,Mon,0,Jan,Afternoon,Weekday,Small Purchase
869,1/2/2023,2026-07-22T15:03:12.000Z,1,3,Astoria,73,3.75,Bakery,Pastry,Almond Croissant,3.75,15,Mon,0,Jan,Afternoon,Weekday,Small Purchase
870,1/2/2023,2026-07-22T15:04:21.000Z,2,3,Astoria,23,2.5,Coffee,Drip coffee,Our Old Time Diner Blend Rg,5,15,Mon,0,Jan,Afternoon,Weekday,Small Purchase
871,1/2/2023,2026-07-22T15:05:22.000Z,1,3,Astoria,27,3.5,Coffee,Organic brewed coffee,Brazilian Lg,3.5,15,Mon,0,Jan,Afternoon,Weekday,Small Purchase
872,1/2/2023,2026-07-22T15:05:22.000Z,1,3,Astoria,79,3.75,Bakery,Scone,Jumbo Savory Scone,3.75,15,Mon,0,Jan,Afternoon,Weekday,Small Purchase
873,1/2/2023,2026-07-22T15:09:48.000Z,2,5,Lower Manhattan,31,2.2,Coffee,Gourmet brewed coffee,Ethiopia Sm,4.4,15,Mon,0,Jan,Afternoon,Weekday,Small Purchase
874,1/2/2023,2026-07-22T15:10:48.000Z,1,8,Hell's Kitchen,44,2.5,Tea,Brewed herbal tea,Peppermint Rg,2.5,15,Mon,0,Jan,Afternoon,Weekday,Small Purchase
875,1/2/2023,2026-07-22T15:12:44.000Z,1,3,Astoria,52,2.5,Tea,Brewed Chai tea,Traditional Blend Chai Rg,2.5,15,Mon,0,Jan,Afternoon,Weekday,Small Purchase
876,1/2/2023,2026-07-22T15:15:03.000Z,1,3,Astoria,40,3.75,Coffee,Barista Espresso,Cappuccino,3.75,15,Mon,0,Jan,Afternoon,Weekday,Small Purchase
877,1/2/2023,2026-07-22T15:15:03.000Z,1,3,Astoria,77,3,Bakery,Scone,Oatmeal Scone,3,15,Mon,0,Jan,Afternoon,Weekday,Small Purchase
878,1/2/2023,2026-07-22T15:18:41.000Z,1,5,Lower Manhattan,59,4.5,Drinking Chocolate,Hot chocolate,Dark chocolate Lg,4.5,15,Mon,0,Jan,Afternoon,Weekday,Small Purchase
879,1/2/2023,2026-07-22T15:19:46.000Z,1,3,Astoria,53,3,Tea,Brewed Chai tea,Traditional Blend Chai Lg,3,15,Mon,0,Jan,Afternoon,Weekday,Small Purchase
880,1/2/2023,2026-07-22T15:21:45.000Z,2,3,Astoria,47,3,Tea,Brewed Green tea,Serenity Green Tea Lg,6,15,Mon,0,Jan,Afternoon,Weekday,Small Purchase
881,1/2/2023,2026-07-22T15:22:19.000Z,2,8,Hell's Kitchen,28,2,Coffee,Gourmet brewed coffee,Columbian Medium Roast Sm,4,15,Mon,0,Jan,Afternoon,Weekday,Small Purchase
882,1/2/2023,2026-07-22T15:23:29.000Z,2,8,Hell's Kitchen,45,3,Tea,Brewed herbal tea,Peppermint Lg,6,15,Mon,0,Jan,Afternoon,Weekday,Small Purchase
883,1/2/2023,2026-07-22T15:24:16.000Z,1,3,Astoria,60,3.75,Drinking Chocolate,Hot chocolate,Sustainably Grown Organic Rg,3.75,15,Mon,0,Jan,Afternoon,Weekday,Small Purchase
884,1/2/2023,2026-07-22T15:24:52.000Z,2,5,Lower Manhattan,48,2.5,Tea,Brewed Black tea,English Breakfast Rg,5,15,Mon,0,Jan,Afternoon,Weekday,Small Purchase
885,1/2/2023,2026-07-22T15:26:08.000Z,1,3,Astoria,50,2.5,Tea,Brewed Black tea,Earl Grey Rg,2.5,15,Mon,0,Jan,Afternoon,Weekday,Small Purchase
886,1/2/2023,2026-07-22T15:26:22.000Z,2,5,Lower Manhattan,42,2.5,Tea,Brewed herbal tea,Lemon Grass Rg,5,15,Mon,0,Jan,Afternoon,Weekday,Small Purchase
887,1/2/2023,2026-07-22T15:26:22.000Z,1,5,Lower Manhattan,69,3.25,Bakery,Biscotti,Hazelnut Biscotti,3.25,15,Mon,0,Jan,Afternoon,Weekday,Small Purchase
888,1/2/2023,2026-07-22T15:27:43.000Z,1,3,Astoria,58,3.5,Drinking Chocolate,Hot chocolate,Dark chocolate Rg,3.5,15,Mon,0,Jan,Afternoon,Weekday,Small Purchase
889,1/2/2023,2026-07-22T15:27:48.000Z,1,3,Astoria,41,4.25,Coffee,Barista Espresso,Cappuccino Lg,4.25,15,Mon,0,Jan,Afternoon,Weekday,Small Purchase
890,1/2/2023,2026-07-22T15:28:35.000Z,2,5,Lower Manhattan,87,3,Coffee,Barista Espresso,Ouro Brasileiro shot,6,15,Mon,0,Jan,Afternoon,Weekday,Small Purchase
891,1/2/2023,2026-07-22T15:29:31.000Z,2,5,Lower Manhattan,44,2.5,Tea,Brewed herbal tea,Peppermint Rg,5,15,Mon,0,Jan,Afternoon,Weekday,Small Purchase
892,1/2/2023,2026-07-22T15:30:51.000Z,1,8,Hell's Kitchen,40,3.75,Coffee,Barista Espresso,Cappuccino,3.75,15,Mon,0,Jan,Afternoon,Weekday,Small Purchase
893,1/2/2023,2026-07-22T15:32:44.000Z,2,8,Hell's Kitchen,45,3,Tea,Brewed herbal tea,Peppermint Lg,6,15,Mon,0,Jan,Afternoon,Weekday,Small Purchase
894,1/2/2023,2026-07-22T15:34:44.000Z,2,5,Lower Manhattan,34,2.45,Coffee,Premium brewed coffee,Jamaican Coffee River Sm,4.9,15,Mon,0,Jan,Afternoon,Weekday,Small Purchase
895,1/2/2023,2026-07-22T15:35:22.000Z,1,8,Hell's Kitchen,53,3,Tea,Brewed Chai tea,Traditional Blend Chai Lg,3,15,Mon,0,Jan,Afternoon,Weekday,Small Purchase
896,1/2/2023,2026-07-22T15:35:22.000Z,1,8,Hell's Kitchen,69,3.25,Bakery,Biscotti,Hazelnut Biscotti,3.25,15,Mon,0,Jan,Afternoon,Weekday,Small Purchase
897,1/2/2023,2026-07-22T15:35:30.000Z,2,5,Lower Manhattan,60,3.75,Drinking Chocolate,Hot chocolate,Sustainably Grown Organic Rg,7.5,15,Mon,0,Jan,Afternoon,Weekday,Small Purchase
898,1/2/2023,2026-07-22T15:35:30.000Z,1,5,Lower Manhattan,70,3.25,Bakery,Scone,Cranberry Scone,3.25,15,Mon,0,Jan,Afternoon,Weekday,Small Purchase
899,1/2/2023,2026-07-22T15:36:29.000Z,2,8,Hell's Kitchen,46,2.5,Tea,Brewed Green tea,Serenity Green Tea Rg,5,15,Mon,0,Jan,Afternoon,Weekday,Small Purchase
900,1/2/2023,2026-07-22T15:36:47.000Z,2,3,Astoria,23,2.5,Coffee,Drip coffee,Our Old Time Diner Blend Rg,5,15,Mon,0,Jan,Afternoon,Weekday,Small Purchase
901,1/2/2023,2026-07-22T15:37:20.000Z,2,8,Hell's Kitchen,33,3.5,Coffee,Gourmet brewed coffee,Ethiopia Lg,7,15,Mon,0,Jan,Afternoon,Weekday,Small Purchase
902,1/2/2023,2026-07-22T15:37:20.000Z,1,8,Hell's Kitchen,69,3.25,Bakery,Biscotti,Hazelnut Biscotti,3.25,15,Mon,0,Jan,Afternoon,Weekday,Small Purchase
903,1/2/2023,2026-07-22T15:38:44.000Z,2,5,Lower Manhattan,47,3,Tea,Brewed Green tea,Serenity Green Tea Lg,6,15,Mon,0,Jan,Afternoon,Weekday,Small Purchase
904,1/2/2023,2026-07-22T15:41:09.000Z,1,8,Hell's Kitchen,52,2.5,Tea,Brewed Chai tea,Traditional Blend Chai Rg,2.5,15,Mon,0,Jan,Afternoon,Weekday,Small Purchase
905,1/2/2023,2026-07-22T15:41:09.000Z,1,8,Hell's Kitchen,69,3.25,Bakery,Biscotti,Hazelnut Biscotti,3.25,15,Mon,0,Jan,Afternoon,Weekday,Small Purchase
906,1/2/2023,2026-07-22T15:41:55.000Z,2,5,Lower Manhattan,47,3,Tea,Brewed Green tea,Serenity Green Tea Lg,6,15,Mon,0,Jan,Afternoon,Weekday,Small Purchase
907,1/2/2023,2026-07-22T15:41:55.000Z,1,5,Lower Manhattan,74,3.5,Bakery,Biscotti,Ginger Biscotti,3.5,15,Mon,0,Jan,Afternoon,Weekday,Small Purchase
908,1/2/2023,2026-07-22T15:42:50.000Z,1,8,Hell's Kitchen,23,2.5,Coffee,Drip coffee,Our Old Time Diner Blend Rg,2.5,15,Mon,0,Jan,Afternoon,Weekday,Small Purchase
909,1/2/2023,2026-07-22T15:44:59.000Z,2,3,Astoria,44,2.5,Tea,Brewed herbal tea,Peppermint Rg,5,15,Mon,0,Jan,Afternoon,Weekday,Small Purchase
910,1/2/2023,2026-07-22T15:48:55.000Z,1,5,Lower Manhattan,46,2.5,Tea,Brewed Green tea,Serenity Green Tea Rg,2.5,15,Mon,0,Jan,Afternoon,Weekday,Small Purchase
911,1/2/2023,2026-07-22T15:48:55.000Z,1,5,Lower Manhattan,73,3.75,Bakery,Pastry,Almond Croissant,3.75,15,Mon,0,Jan,Afternoon,Weekday,Small Purchase
912,1/2/2023,2026-07-22T15:49:27.000Z,1,5,Lower Manhattan,42,2.5,Tea,Brewed herbal tea,Lemon Grass Rg,2.5,15,Mon,0,Jan,Afternoon,Weekday,Small Purchase
913,1/2/2023,2026-07-22T15:49:27.000Z,1,5,Lower Manhattan,78,4.5,Bakery,Scone,Scottish Cream Scone ,4.5,15,Mon,0,Jan,Afternoon,Weekday,Small Purchase
914,1/2/2023,2026-07-22T15:50:12.000Z,2,3,Astoria,54,2.5,Tea,Brewed Chai tea,Morning Sunrise Chai Rg,5,15,Mon,0,Jan,Afternoon,Weekday,Small Purchase
915,1/2/2023,2026-07-22T15:50:12.000Z,1,3,Astoria,79,3.75,Bakery,Scone,Jumbo Savory Scone,3.75,15,Mon,0,Jan,Afternoon,Weekday,Small Purchase
916,1/2/2023,2026-07-22T15:50:27.000Z,2,5,Lower Manhattan,47,3,Tea,Brewed Green tea,Serenity Green Tea Lg,6,15,Mon,0,Jan,Afternoon,Weekday,Small Purchase
917,1/2/2023,2026-07-22T15:50:28.000Z,2,8,Hell's Kitchen,46,2.5,Tea,Brewed Green tea,Serenity Green Tea Rg,5,15,Mon,0,Jan,Afternoon,Weekday,Small Purchase
918,1/2/2023,2026-07-22T15:51:29.000Z,1,5,Lower Manhattan,34,2.45,Coffee,Premium brewed coffee,Jamaican Coffee River Sm,2.45,15,Mon,0,Jan,Afternoon,Weekday,Small Purchase
919,1/2/2023,2026-07-22T15:51:57.000Z,2,5,Lower Manhattan,38,3.75,Coffee,Barista Espresso,Latte,7.5,15,Mon,0,Jan,Afternoon,Weekday,Small Purchase
920,1/2/2023,2026-07-22T15:52:14.000Z,2,5,Lower Manhattan,34,2.45,Coffee,Premium brewed coffee,Jamaican Coffee River Sm,4.9,15,Mon,0,Jan,Afternoon,Weekday,Small Purchase
921,1/2/2023,2026-07-22T15:52:58.000Z,1,8,Hell's Kitchen,56,2.55,Tea,Brewed Chai tea,Spicy Eye Opener Chai Rg,2.55,15,Mon,0,Jan,Afternoon,Weekday,Small Purchase
922,1/2/2023,2026-07-22T15:54:43.000Z,2,8,Hell's Kitchen,28,2,Coffee,Gourmet brewed coffee,Columbian Medium Roast Sm,4,15,Mon,0,Jan,Afternoon,Weekday,Small Purchase
923,1/2/2023,2026-07-22T15:55:19.000Z,1,5,Lower Manhattan,55,4,Tea,Brewed Chai tea,Morning Sunrise Chai Lg,4,15,Mon,0,Jan,Afternoon,Weekday,Small Purchase
924,1/2/2023,2026-07-22T15:55:19.000Z,1,5,Lower Manhattan,79,3.75,Bakery,Scone,Jumbo Savory Scone,3.75,15,Mon,0,Jan,Afternoon,Weekday,Small Purchase
925,1/2/2023,2026-07-22T15:55:27.000Z,2,5,Lower Manhattan,56,2.55,Tea,Brewed Chai tea,Spicy Eye Opener Chai Rg,5.1,15,Mon,0,Jan,Afternoon,Weekday,Small Purchase
926,1/2/2023,2026-07-22T15:56:41.000Z,1,8,Hell's Kitchen,48,2.5,Tea,Brewed Black tea,English Breakfast Rg,2.5,15,Mon,0,Jan,Afternoon,Weekday,Small Purchase
927,1/2/2023,2026-07-22T15:58:07.000Z,2,5,Lower Manhattan,29,2.5,Coffee,Gourmet brewed coffee,Columbian Medium Roast Rg,5,15,Mon,0,Jan,Afternoon,Weekday,Small Purchase
928,1/2/2023,2026-07-22T15:59:37.000Z,1,3,Astoria,58,3.5,Drinking Chocolate,Hot chocolate,Dark chocolate Rg,3.5,15,Mon,0,Jan,Afternoon,Weekday,Small Purchase
929,1/2/2023,2026-07-22T15:59:53.000Z,2,3,Astoria,43,3,Tea,Brewed herbal tea,Lemon Grass Lg,6,15,Mon,0,Jan,Afternoon,Weekday,Small Purchase
930,1/2/2023,2026-07-22T16:00:33.000Z,2,3,Astoria,51,3,Tea,Brewed Black tea,Earl Grey Lg,6,16,Mon,0,Jan,Afternoon,Weekday,Small Purchase
931,1/2/2023,2026-07-22T16:00:33.000Z,1,3,Astoria,78,4.5,Bakery,Scone,Scottish Cream Scone ,4.5,16,Mon,0,Jan,Afternoon,Weekday,Small Purchase
932,1/2/2023,2026-07-22T16:02:09.000Z,1,5,Lower Manhattan,40,3.75,Coffee,Barista Espresso,Cappuccino,3.75,16,Mon,0,Jan,Afternoon,Weekday,Small Purchase
933,1/2/2023,2026-07-22T16:02:21.000Z,1,5,Lower Manhattan,44,2.5,Tea,Brewed herbal tea,Peppermint Rg,2.5,16,Mon,0,Jan,Afternoon,Weekday,Small Purchase
934,1/2/2023,2026-07-22T16:05:18.000Z,1,5,Lower Manhattan,52,2.5,Tea,Brewed Chai tea,Traditional Blend Chai Rg,2.5,16,Mon,0,Jan,Afternoon,Weekday,Small Purchase
935,1/2/2023,2026-07-22T16:06:01.000Z,2,5,Lower Manhattan,34,2.45,Coffee,Premium brewed coffee,Jamaican Coffee River Sm,4.9,16,Mon,0,Jan,Afternoon,Weekday,Small Purchase
936,1/2/2023,2026-07-22T16:06:18.000Z,1,3,Astoria,39,4.25,Coffee,Barista Espresso,Latte Rg,4.25,16,Mon,0,Jan,Afternoon,Weekday,Small Purchase
937,1/2/2023,2026-07-22T16:08:22.000Z,1,5,Lower Manhattan,54,2.5,Tea,Brewed Chai tea,Morning Sunrise Chai Rg,2.5,16,Mon,0,Jan,Afternoon,Weekday,Small Purchase
938,1/2/2023,2026-07-22T16:09:17.000Z,1,3,Astoria,39,4.25,Coffee,Barista Espresso,Latte Rg,4.25,16,Mon,0,Jan,Afternoon,Weekday,Small Purchase
939,1/2/2023,2026-07-22T16:09:45.000Z,2,3,Astoria,45,3,Tea,Brewed herbal tea,Peppermint Lg,6,16,Mon,0,Jan,Afternoon,Weekday,Small Purchase
940,1/2/2023,2026-07-22T16:11:04.000Z,1,3,Astoria,40,3.75,Coffee,Barista Espresso,Cappuccino,3.75,16,Mon,0,Jan,Afternoon,Weekday,Small Purchase
941,1/2/2023,2026-07-22T16:11:57.000Z,2,8,Hell's Kitchen,26,3,Coffee,Organic brewed coffee,Brazilian Rg,6,16,Mon,0,Jan,Afternoon,Weekday,Small Purchase
942,1/2/2023,2026-07-22T16:12:01.000Z,2,8,Hell's Kitchen,47,3,Tea,Brewed Green tea,Serenity Green Tea Lg,6,16,Mon,0,Jan,Afternoon,Weekday,Small Purchase
943,1/2/2023,2026-07-22T16:14:09.000Z,1,5,Lower Manhattan,30,3,Coffee,Gourmet brewed coffee,Columbian Medium Roast Lg,3,16,Mon,0,Jan,Afternoon,Weekday,Small Purchase
944,1/2/2023,2026-07-22T16:14:09.000Z,1,5,Lower Manhattan,78,4.5,Bakery,Scone,Scottish Cream Scone ,4.5,16,Mon,0,Jan,Afternoon,Weekday,Small Purchase
945,1/2/2023,2026-07-22T16:18:15.000Z,2,3,Astoria,53,3,Tea,Brewed Chai tea,Traditional Blend Chai Lg,6,16,Mon,0,Jan,Afternoon,Weekday,Small Purchase
946,1/2/2023,2026-07-22T16:19:33.000Z,1,3,Astoria,38,3.75,Coffee,Barista Espresso,Latte,3.75,16,Mon,0,Jan,Afternoon,Weekday,Small Purchase
947,1/2/2023,2026-07-22T16:19:48.000Z,2,5,Lower Manhattan,60,3.75,Drinking Chocolate,Hot chocolate,Sustainably Grown Organic Rg,7.5,16,Mon,0,Jan,Afternoon,Weekday,Small Purchase
948,1/2/2023,2026-07-22T16:19:48.000Z,1,5,Lower Manhattan,78,4.5,Bakery,Scone,Scottish Cream Scone ,4.5,16,Mon,0,Jan,Afternoon,Weekday,Small Purchase
949,1/2/2023,2026-07-22T16:22:25.000Z,1,3,Astoria,48,2.5,Tea,Brewed Black tea,English Breakfast Rg,2.5,16,Mon,0,Jan,Afternoon,Weekday,Small Purchase
950,1/2/2023,2026-07-22T16:22:30.000Z,2,3,Astoria,27,3.5,Coffee,Organic brewed coffee,Brazilian Lg,7,16,Mon,0,Jan,Afternoon,Weekday,Small Purchase
951,1/2/2023,2026-07-22T16:23:50.000Z,1,5,Lower Manhattan,26,3,Coffee,Organic brewed coffee,Brazilian Rg,3,16,Mon,0,Jan,Afternoon,Weekday,Small Purchase
952,1/2/2023,2026-07-22T16:26:14.000Z,1,3,Astoria,55,4,Tea,Brewed Chai tea,Morning Sunrise Chai Lg,4,16,Mon,0,Jan,Afternoon,Weekday,Small Purchase
953,1/2/2023,2026-07-22T16:26:38.000Z,1,3,Astoria,25,2.2,Coffee,Organic brewed coffee,Brazilian Sm,2.2,16,Mon,0,Jan,Afternoon,Weekday,Small Purchase
954,1/2/2023,2026-07-22T16:26:38.000Z,1,3,Astoria,73,3.75,Bakery,Pastry,Almond Croissant,3.75,16,Mon,0,Jan,Afternoon,Weekday,Small Purchase
955,1/2/2023,2026-07-22T16:26:49.000Z,1,8,Hell's Kitchen,54,2.5,Tea,Brewed Chai tea,Morning Sunrise Chai Rg,2.5,16,Mon,0,Jan,Afternoon,Weekday,Small Purchase
956,1/2/2023,2026-07-22T16:28:26.000Z,1,8,Hell's Kitchen,36,3.75,Coffee,Premium brewed coffee,Jamaican Coffee River Lg,3.75,16,Mon,0,Jan,Afternoon,Weekday,Small Purchase
957,1/2/2023,2026-07-22T16:30:05.000Z,1,5,Lower Manhattan,23,2.5,Coffee,Drip coffee,Our Old Time Diner Blend Rg,2.5,16,Mon,0,Jan,Afternoon,Weekday,Small Purchase
958,1/2/2023,2026-07-22T16:30:07.000Z,1,3,Astoria,24,3,Coffee,Drip coffee,Our Old Time Diner Blend Lg,3,16,Mon,0,Jan,Afternoon,Weekday,Small Purchase
959,1/2/2023,2026-07-22T16:30:07.000Z,1,3,Astoria,74,3.5,Bakery,Biscotti,Ginger Biscotti,3.5,16,Mon,0,Jan,Afternoon,Weekday,Small Purchase
960,1/2/2023,2026-07-22T16:30:37.000Z,2,8,Hell's Kitchen,53,3,Tea,Brewed Chai tea,Traditional Blend Chai Lg,6,16,Mon,0,Jan,Afternoon,Weekday,Small Purchase
961,1/2/2023,2026-07-22T16:31:20.000Z,2,3,Astoria,36,3.75,Coffee,Premium brewed coffee,Jamaican Coffee River Lg,7.5,16,Mon,0,Jan,Afternoon,Weekday,Small Purchase
962,1/2/2023,2026-07-22T16:31:48.000Z,1,8,Hell's Kitchen,52,2.5,Tea,Brewed Chai tea,Traditional Blend Chai Rg,2.5,16,Mon,0,Jan,Afternoon,Weekday,Small Purchase
963,1/2/2023,2026-07-22T16:32:14.000Z,2,3,Astoria,52,2.5,Tea,Brewed Chai tea,Traditional Blend Chai Rg,5,16,Mon,0,Jan,Afternoon,Weekday,Small Purchase
964,1/2/2023,2026-07-22T16:32:25.000Z,2,5,Lower Manhattan,50,2.5,Tea,Brewed Black tea,Earl Grey Rg,5,16,Mon,0,Jan,Afternoon,Weekday,Small Purchase
965,1/2/2023,2026-07-22T16:33:17.000Z,1,5,Lower Manhattan,57,3.1,Tea,Brewed Chai tea,Spicy Eye Opener Chai Lg,3.1,16,Mon,0,Jan,Afternoon,Weekday,Small Purchase
966,1/2/2023,2026-07-22T16:33:17.000Z,1,5,Lower Manhattan,75,3.5,Bakery,Pastry,Croissant,3.5,16,Mon,0,Jan,Afternoon,Weekday,Small Purchase
967,1/2/2023,2026-07-22T16:34:50.000Z,1,5,Lower Manhattan,50,2.5,Tea,Brewed Black tea,Earl Grey Rg,2.5,16,Mon,0,Jan,Afternoon,Weekday,Small Purchase
968,1/2/2023,2026-07-22T16:35:22.000Z,1,3,Astoria,31,2.2,Coffee,Gourmet brewed coffee,Ethiopia Sm,2.2,16,Mon,0,Jan,Afternoon,Weekday,Small Purchase
969,1/2/2023,2026-07-22T16:35:22.000Z,2,3,Astoria,54,2.5,Tea,Brewed Chai tea,Morning Sunrise Chai Rg,5,16,Mon,0,Jan,Afternoon,Weekday,Small Purchase
970,1/2/2023,2026-07-22T16:35:54.000Z,2,8,Hell's Kitchen,49,3,Tea,Brewed Black tea,English Breakfast Lg,6,16,Mon,0,Jan,Afternoon,Weekday,Small Purchase
971,1/2/2023,2026-07-22T16:36:38.000Z,1,3,Astoria,32,3,Coffee,Gourmet brewed coffee,Ethiopia Rg,3,16,Mon,0,Jan,Afternoon,Weekday,Small Purchase
972,1/2/2023,2026-07-22T16:41:26.000Z,2,5,Lower Manhattan,22,2,Coffee,Drip coffee,Our Old Time Diner Blend Sm,4,16,Mon,0,Jan,Afternoon,Weekday,Small Purchase
973,1/2/2023,2026-07-22T16:42:11.000Z,2,3,Astoria,51,3,Tea,Brewed Black tea,Earl Grey Lg,6,16,Mon,0,Jan,Afternoon,Weekday,Small Purchase
974,1/2/2023,2026-07-22T16:42:33.000Z,1,5,Lower Manhattan,34,2.45,Coffee,Premium brewed coffee,Jamaican Coffee River Sm,2.45,16,Mon,0,Jan,Afternoon,Weekday,Small Purchase
975,1/2/2023,2026-07-22T16:42:33.000Z,1,5,Lower Manhattan,77,3,Bakery,Scone,Oatmeal Scone,3,16,Mon,0,Jan,Afternoon,Weekday,Small Purchase
976,1/2/2023,2026-07-22T16:43:04.000Z,2,3,Astoria,34,2.45,Coffee,Premium brewed coffee,Jamaican Coffee River Sm,4.9,16,Mon,0,Jan,Afternoon,Weekday,Small Purchase
977,1/2/2023,2026-07-22T16:44:55.000Z,2,5,Lower Manhattan,32,3,Coffee,Gourmet brewed coffee,Ethiopia Rg,6,16,Mon,0,Jan,Afternoon,Weekday,Small Purchase
978,1/2/2023,2026-07-22T16:47:01.000Z,1,3,Astoria,48,2.5,Tea,Brewed Black tea,English Breakfast Rg,2.5,16,Mon,0,Jan,Afternoon,Weekday,Small Purchase
979,1/2/2023,2026-07-22T16:49:41.000Z,1,3,Astoria,49,3,Tea,Brewed Black tea,English Breakfast Lg,3,16,Mon,0,Jan,Afternoon,Weekday,Small Purchase
980,1/2/2023,2026-07-22T16:50:14.000Z,1,8,Hell's Kitchen,25,2.2,Coffee,Organic brewed coffee,Brazilian Sm,2.2,16,Mon,0,Jan,Afternoon,Weekday,Small Purchase
981,1/2/2023,2026-07-22T16:51:09.000Z,2,3,Astoria,34,2.45,Coffee,Premium brewed coffee,Jamaican Coffee River Sm,4.9,16,Mon,0,Jan,Afternoon,Weekday,Small Purchase
982,1/2/2023,2026-07-22T16:51:09.000Z,1,3,Astoria,72,3.25,Bakery,Scone,Ginger Scone,3.25,16,Mon,0,Jan,Afternoon,Weekday,Small Purchase
983,1/2/2023,2026-07-22T16:55:58.000Z,2,3,Astoria,24,3,Coffee,Drip coffee,Our Old Time Diner Blend Lg,6,16,Mon,0,Jan,Afternoon,Weekday,Small Purchase
984,1/2/2023,2026-07-22T16:56:14.000Z,1,8,Hell's Kitchen,41,4.25,Coffee,Barista Espresso,Cappuccino Lg,4.25,16,Mon,0,Jan,Afternoon,Weekday,Small Purchase
985,1/2/2023,2026-07-22T16:59:09.000Z,1,5,Lower Manhattan,23,2.5,Coffee,Drip coffee,Our Old Time Diner Blend Rg,2.5,16,Mon,0,Jan,Afternoon,Weekday,Small Purchase
986,1/2/2023,2026-07-22T17:00:52.000Z,1,8,Hell's Kitchen,25,2.2,Coffee,Organic brewed coffee,Brazilian Sm,2.2,17,Mon,0,Jan,Afternoon,Weekday,Small Purchase
987,1/2/2023,2026-07-22T17:02:06.000Z,1,8,Hell's Kitchen,50,2.5,Tea,Brewed Black tea,Earl Grey Rg,2.5,17,Mon,0,Jan,Afternoon,Weekday,Small Purchase
988,1/2/2023,2026-07-22T17:02:59.000Z,2,5,Lower Manhattan,29,2.5,Coffee,Gourmet brewed coffee,Columbian Medium Roast Rg,5,17,Mon,0,Jan,Afternoon,Weekday,Small Purchase
989,1/2/2023,2026-07-22T17:02:59.000Z,1,5,Lower Manhattan,77,3,Bakery,Scone,Oatmeal Scone,3,17,Mon,0,Jan,Afternoon,Weekday,Small Purchase
990,1/2/2023,2026-07-22T17:04:56.000Z,1,3,Astoria,60,3.75,Drinking Chocolate,Hot chocolate,Sustainably Grown Organic Rg,3.75,17,Mon,0,Jan,Afternoon,Weekday,Small Purchase
991,1/2/2023,2026-07-22T17:10:24.000Z,2,8,Hell's Kitchen,55,4,Tea,Brewed Chai tea,Morning Sunrise Chai Lg,8,17,Mon,0,Jan,Afternoon,Weekday,Small Purchase
992,1/2/2023,2026-07-22T17:10:36.000Z,1,8,Hell's Kitchen,33,3.5,Coffee,Gourmet brewed coffee,Ethiopia Lg,3.5,17,Mon,0,Jan,Afternoon,Weekday,Small Purchase
993,1/2/2023,2026-07-22T17:12:45.000Z,2,3,Astoria,42,2.5,Tea,Brewed herbal tea,Lemon Grass Rg,5,17,Mon,0,Jan,Afternoon,Weekday,Small Purchase
994,1/2/2023,2026-07-22T17:13:53.000Z,1,8,Hell's Kitchen,43,3,Tea,Brewed herbal tea,Lemon Grass Lg,3,17,Mon,0,Jan,Afternoon,Weekday,Small Purchase
995,1/2/2023,2026-07-22T17:15:28.000Z,2,5,Lower Manhattan,27,3.5,Coffee,Organic brewed coffee,Brazilian Lg,7,17,Mon,0,Jan,Afternoon,Weekday,Small Purchase
996,1/2/2023,2026-07-22T17:15:35.000Z,2,5,Lower Manhattan,57,3.1,Tea,Brewed Chai tea,Spicy Eye Opener Chai Lg,6.2,17,Mon,0,Jan,Afternoon,Weekday,Small Purchase
997,1/2/2023,2026-07-22T17:17:00.000Z,2,3,Astoria,53,3,Tea,Brewed Chai tea,Traditional Blend Chai Lg,6,17,Mon,0,Jan,Afternoon,Weekday,Small Purchase
998,1/2/2023,2026-07-22T17:17:00.000Z,1,3,Astoria,70,3.25,Bakery,Scone,Cranberry Scone,3.25,17,Mon,0,Jan,Afternoon,Weekday,Small Purchase
999,1/2/2023,2026-07-22T17:18:25.000Z,2,5,Lower Manhattan,32,3,Coffee,Gourmet brewed coffee,Ethiopia Rg,6,17,Mon,0,Jan,Afternoon,Weekday,Small Purchase
1000,1/2/2023,2026-07-22T17:19:03.000Z,1,8,Hell's Kitchen,54,2.5,Tea,Brewed Chai tea,Morning Sunrise Chai Rg,2.5,17,Mon,0,Jan,Afternoon,Weekday,Small Purchase
